PROGRAM_ID,FILM_NAME,FILM_TYPE,EPISODE_NO,DURATION,DIRECTOR_NAME,PRODUCER_ID,ACTOR_NAME,ACTRESS_NAME
33,Spring in a Small Town (Xiao cheng zhi chun),Drama|Romance,79,64,Trenton Flaune,96,Trenton,Aurea
1,Cry Baby Lane,Drama|Horror,93,66,Aron Flobert,19,Aron,Ezmeralda
6,"Forsaken, The",Horror,19,76,Claudius Andrusyak,11,Claudius,Linnie
20,"Jacket, The",Drama|Mystery|Sci-Fi|Thriller,58,2,Robert Clogg,74,Robert,Devonne
77,One Hundred Mornings,Drama,31,56,Avrom Abriani,99,Avrom,Donetta
95,Escape from the Planet of the Apes,Action|Sci-Fi,28,50,Vaughan Skells,56,Vaughan,Ranee
49,Stand Up and Cheer!,Comedy|Musical,18,72,Lonnard Spyvye,92,Lonnard,Wanids
82,"Cheat, The",Drama,76,77,Keelby Shelf,23,Keelby,Laurice
83,Highwaymen,Action|Crime|Thriller,52,44,Remus Bunker,32,Remus,Harriette
53,Putty Hill,Drama,53,91,Toiboid Deighan,24,Toiboid,Philis
36,Semper Fi,Action|Drama,66,81,Virge Willmott,100,Virge,Ede
63,"Shout, The",Drama|Horror,8,50,Natale Cuff,92,Natale,Renae
6,"Mayday at 40,000 Feet!",Adventure,91,49,Cullie Iwanicki,17,Cullie,Krysta
22,"Bigamist, The",Drama,18,78,Lammond Heggie,96,Lammond,Lucille
28,The Great Scout & Cathouse Thursday,Action|Comedy|Western,67,61,Sheffield Finessy,6,Sheffield,Faina
26,Wild in the Streets,Drama|Horror|Sci-Fi,62,49,Codie Keatch,100,Codie,Roseanna
40,Rolling,Drama,10,64,Monty Ainslie,64,Monty,Clarie
76,"Karate Kid, Part II, The",Action|Adventure|Drama,77,42,Marshall Lauret,45,Marshall,Bevvy
15,Muscle Shoals,Documentary,37,17,Micheal Dillamore,43,Micheal,Chloette
18,High and Low (Tengoku to jigoku),Crime|Drama|Film-Noir|Thriller,39,32,Dougy Ricardin,74,Dougy,Tiphani
69,America the Beautiful 2: The Thin Commandments ,Documentary,59,89,Hamlen Rabley,51,Hamlen,Blondell
3,"Last Warrior, The (Last Patrol, The)",Action|Drama,46,54,Ingemar Ulster,42,Ingemar,Korry
38,Inherent Vice,Comedy|Crime|Drama|Mystery|Romance,23,17,Kennedy Dunkerton,60,Kennedy,Helaine
13,"Rutles: All You Need Is Cash, The",Comedy,39,65,Rolando Zealy,58,Rolando,Ynes
62,Madam Satan,Comedy|Musical|Romance,5,22,Kliment Emett,65,Kliment,Cami
86,Death Warrant,Action,85,100,Nevins Laight,64,Nevins,Lizzy
23,"Fish Child, The (El niño pez)",Drama|Romance|Thriller,92,1,Laurent Anthony,85,Laurent,Yoshi
4,Marius and Jeanette (Marius et Jeannette),Comedy|Drama|Romance,40,17,King Sorby,94,King,Elna
40,"Good Night to Die, A",Action|Comedy|Crime|Thriller,95,33,Noland Doles,54,Noland,Yelena
48,Anne of the Thousand Days,Drama,11,69,Kelly Colliss,19,Kelly,Lyndel
64,2:13,Horror|Thriller,64,45,Rick Maun,66,Rick,Ainslee
23,"Anniversary Party, The",Drama,24,53,Derron Swepstone,12,Derron,Desiree
43,Crime Story (Zhong an zu),Action|Crime|Drama,62,43,Flinn Denecamp,63,Flinn,Chicky
76,Sodom and Gomorrah,Adventure|Drama,58,49,Joey Brandacci,63,Joey,Cathrine
21,Am Ende eiens viel zu kurzen Tages (Death of a superhero),Animation|Drama,73,53,Jakie Meijer,50,Jakie,Rosalind
44,"Carter, The",Documentary,93,21,Dario Bramford,43,Dario,Sibelle
81,Paranormal Activity: The Marked Ones,Horror|Thriller,36,95,Les Gogin,24,Les,Clerissa
57,My Girlfriend's Boyfriend,Comedy|Romance,84,3,Ginger Going,23,Ginger,Lexy
48,To Each His Own Cinema (Chacun son cinéma ou Ce petit coup au coeur quand la lumière s'éteint et que le film commence),Comedy|Drama,61,48,Bevan Minto,33,Bevan,Dagmar
6,"Californie, La",Drama,55,44,Drew Hysom,58,Drew,Jennifer
83,Another Harvest Moon,Drama,17,95,Hyatt Ludford,98,Hyatt,Marcela
80,Colt Comrades,Western,89,31,Alva Garlett,29,Alva,Neilla
3,Fire Over England,Adventure|Romance|War,68,63,Otes Humpherston,94,Otes,Madlin
8,"Count Dracula (Nachts, wenn Dracula erwacht)",Horror|Mystery,19,13,Gareth Brende,60,Gareth,Valentia
79,Beauty and the Bastard (Tyttö sinä olet tähti),Drama|Musical|Romance,15,56,Thibaut Savege,74,Thibaut,Aleta
73,Washington Heights,Drama|Romance,82,80,Rolland Wolfart,15,Rolland,Fanni
57,Comes a Horseman,Drama|Romance|Western,6,43,Manuel Spottiswoode,17,Manuel,Diann
85,Legal Eagles,Comedy|Crime|Romance,38,50,Carl Francillo,12,Carl,Eleanore
48,Call Girl,Drama|Thriller,74,99,Isiahi Wickenden,18,Isiahi,Therese
23,Love,Drama|Sci-Fi,78,85,Normy Fido,57,Normy,Julee
92,Madonna: Truth or Dare,Documentary|Musical,27,89,Smitty Boreham,18,Smitty,Aloise
63,Shadow Kill,Drama,6,8,Orrin Vigours,22,Orrin,Manda
8,Page One: Inside the New York Times,Documentary,99,51,Bar Caiger,1,Bar,Geralda
14,"Steamroller and the Violin, The (Katok i skripka)",Drama,31,62,Monte Crosswaite,93,Monte,Dido
84,Caesar and Cleopatra,Comedy|Drama|War,33,62,Claudianus Bonifacio,81,Claudianus,Cathyleen
25,"Civil War, The",Documentary|War,79,93,Maison Rimington,84,Maison,Jeni
72,Book of Shadows: Blair Witch 2,Crime|Horror|Mystery|Thriller,56,81,Witty Milburne,21,Witty,Roz
5,"World's Greatest Lover, The",Comedy,26,87,Bern Deane,5,Bern,Meridel
8,First Men in the Moon,Adventure|Sci-Fi,5,84,Stefano Noen,72,Stefano,Andromache
21,"Henry V (Chronicle History of King Henry the Fift with His Battell Fought at Agincourt in France, The)",Drama|War,18,52,Ulrick Samsworth,20,Ulrick,Barry
74,"Boy in Blue, The",Drama,86,7,Cesare Spellworth,45,Cesare,Hesther
67,Crossfire,Crime|Film-Noir,51,8,Tanny Gath,38,Tanny,Constantia
1,"Northerners, The (De noorderlingen)",Comedy,41,68,Tommy Wildes,59,Tommy,Debor
25,Merrill's Marauders,Adventure|Drama|War,17,97,Reinhold Gary,3,Reinhold,Collen
76,Cars 2,Adventure|Animation|Children|Comedy|IMAX,35,25,Archambault Enoksson,26,Archambault,Danice
22,"Promise, The (La promesse)",Drama,98,67,Yurik Renad,12,Yurik,Yasmin
77,"Samaritan, The",Drama|Thriller,59,43,Waverly Hurdwell,80,Waverly,Guglielma
34,Waydowntown,Comedy,10,4,Ambros Castanyer,96,Ambros,Arluene
14,"Defiant Ones, The",Adventure|Crime|Drama|Thriller,84,11,Linn Spruce,75,Linn,Vilhelmina
7,"Emperor and the Assassin, The (Jing ke ci qin wang)",Drama,1,98,Moishe Esbrook,58,Moishe,Suzanna
20,Daredevil,Action|Crime,62,75,Sherman Bowers,75,Sherman,Lenka
85,"Beginner's Guide to Endings, A",Comedy|Drama,72,37,Arie Miller,97,Arie,Romy
93,"Jew in the Lotus, The",Documentary,68,39,Lew Meth,71,Lew,Maribel
71,Armored Car Robbery,Crime|Film-Noir|Thriller,19,96,Tedd Hebdon,22,Tedd,Sallyann
72,"Last of the Mohicans, The",Adventure|Drama|War,30,96,Damon Alleyne,72,Damon,Adelaide
37,Crack-Up,Crime|Film-Noir|Mystery,19,67,Valentijn Arthurs,27,Valentijn,Bettye
47,Love Story 2050,Adventure|Comedy|Musical|Romance|Sci-Fi,58,70,Calhoun Goane,63,Calhoun,Nadya
94,Tropical Fish (Re dai yu),Comedy|Drama,56,34,Randolph Gothard,13,Randolph,Gwyneth
64,"Buccaneer, The",Adventure,78,98,Yuri Rattray,96,Yuri,Tracy
26,Now You See Me,Crime|Mystery|Thriller,18,7,Jose Laugheran,14,Jose,Madelle
53,We Need a Vacation (Fais-moi des vacances),Comedy|Drama,25,46,Temple Scoggins,61,Temple,Joela
86,Black Nativity,Drama|Musical,86,100,Sandor Klimontovich,32,Sandor,Atlante
75,"Last Bolshevik, The (Tombeau d'Alexandre, Le)",Documentary,28,87,Sylvester Calbert,16,Sylvester,Janey
46,Wild Strawberries (Smultronstället),Drama,45,40,Sarge Perring,56,Sarge,Florri
82,Room at the Top,Drama,65,73,Hagan Arends,79,Hagan,Danice
21,"Woman Rebels, A (Portrait of a Rebel)",Drama|Romance,14,37,Rhett Garwood,87,Rhett,Justina
89,"Broken Circle Breakdown, The",Drama,60,40,Tim Seago,23,Tim,Felicle
99,Invincible,Drama,12,33,Arel Gallally,52,Arel,Dode
96,Payday,Drama,63,91,Thorstein Cridlan,80,Thorstein,Rubie
67,Girl on a Bicycle,Comedy|Romance,35,18,Irvin Triplet,86,Irvin,Bettye
31,Jew Süss (Jud Süß),Drama,62,41,Yancey Fountian,41,Yancey,Lauren
35,The Voice of the Moon,Adventure|Comedy|Drama,70,44,Alister Lynde,55,Alister,Carmelita
89,Breathing Room,Horror|Mystery|Thriller,41,15,Eldon Madill,36,Eldon,Guenevere
29,"Fat, Sick & Nearly Dead",Documentary,66,25,Godfree Buddington,87,Godfree,Dorris
54,Buffet froid,Comedy|Crime,94,46,Inglebert Arnout,66,Inglebert,Rhona
98,"Man Vanishes, A (Ningen Johatsu)",Documentary|Drama|Mystery,97,67,Yvon Trouncer,90,Yvon,Kaitlynn
30,Strapped,Action|Drama,11,20,Lennie Major,52,Lennie,Laurette
98,Streets of Laredo,Drama|Western,22,85,Marsh Baume,90,Marsh,Mada
25,Berlin Babylon,Documentary,64,17,Skell Furlonge,92,Skell,Alena
9,Deadly Blessing,Horror,98,3,Freedman Ingamells,97,Freedman,Cass
41,"Best Intentions, The (Den goda viljan)",Drama|Romance,12,51,Norton Castiello,5,Norton,Carree
57,Death Race,Action|Adventure|Sci-Fi|Thriller,32,23,Mikey McGarrity,93,Mikey,Ashlen
3,I Wake Up Screaming,Crime|Film-Noir|Mystery|Romance|Thriller,94,89,Kaleb Rigglesford,71,Kaleb,Philippe
86,Dr. Strangelove or: How I Learned to Stop Worrying and Love the Bomb,Comedy|War,13,17,Wendell Polon,95,Wendell,Dedie
18,Christine,Horror,99,64,Maison Easey,18,Maison,Karlie
94,Brides of Dracula,Horror,2,75,Clim Haggerty,87,Clim,Lorinda
75,"Broken Circle Breakdown, The",Drama,43,43,Flin Juares,95,Flin,Mandi
50,Brooklyn Bridge,Documentary,80,5,Mycah Zuker,83,Mycah,Letizia
63,Berlin Calling,Comedy|Drama,72,4,Saul Cullinan,69,Saul,Theodosia
37,Red Dragon,Crime|Mystery|Thriller,36,30,Rodney Eede,97,Rodney,Sindee
94,One Nite In Mongkok (Wong gok hak yau),Action|Crime|Drama,7,47,Vergil Windows,49,Vergil,Venita
4,Josephine,Comedy|Romance,92,31,Alistair Lambeth,100,Alistair,Karel
7,Alcina,Drama|Fantasy|Romance,95,94,Jud Coulter,61,Jud,Chris
83,"Legend of Bigfoot, The",Documentary,28,70,Quentin Scolland,59,Quentin,Karil
20,"Ninth Gate, The",Fantasy|Horror|Mystery|Thriller,2,24,Gaylord Mathouse,21,Gaylord,Kalila
35,"Yes, Madam (a.k.a. Police Assassins) (a.k.a. In the Line of Duty 2) (Huang gu shi jie)",Action,5,12,Bartholomeo Grahlman,49,Bartholomeo,Desdemona
39,"Happiness Is in the Field (Bonheur est dans le pré, Le)",Comedy,70,71,Sherwin Scorthorne,14,Sherwin,Brenda
98,Children of the Secret State,Documentary,19,99,Ervin Danilchev,82,Ervin,Joanna
55,Last Summer in the Hamptons,Comedy|Drama,34,8,Ferris Greensall,7,Ferris,Danita
25,Those Magnificent Men in Their Flying Machines,Action|Adventure|Comedy,39,30,Larry Folli,75,Larry,Kristal
45,Embrace of the Vampire,Horror|Thriller,47,59,Torey Bynert,61,Torey,Harley
67,Little Fridolf Becomes a Grandfather,Comedy,40,62,Sasha Fitzjohn,91,Sasha,Marnia
5,Citizen Gangster ,Crime|Drama,77,15,Kippy Bridell,55,Kippy,Florie
2,Last Days,Drama,48,33,Spenser McAreavey,11,Spenser,Rhiamon
54,Flodder,Comedy,14,58,Aldo Shevelin,4,Aldo,Mildred
11,"Bashu, the Little Stranger (Bashu, gharibeye koochak)",Drama,55,83,Dirk Gebhardt,66,Dirk,Nola
85,"Dead, The",Horror,75,14,Ignace Rex,41,Ignace,Kari
47,Cheerleader Massacre,Horror|Thriller,82,27,Noah Woolard,12,Noah,Calla
33,Tin Cup,Comedy|Drama|Romance,71,94,Kort Isaksson,53,Kort,Tobye
48,The Mask You Live In,Documentary,17,84,Sloane Brahams,74,Sloane,Debora
31,"Sentinel, The",Crime|Drama|Thriller,37,23,Filip Dunridge,46,Filip,Bernetta
57,Music Box,Drama,32,2,Andre Iacovacci,37,Andre,Georgeanne
16,Flame and Women (Honô to onna) ,Drama,3,24,Michel Borrel,47,Michel,Nettie
17,2012: Time for Change,Animation|Documentary,3,54,Em Blowes,18,Em,Jonell
73,Valentino: The Last Emperor,Documentary,31,5,Berkley Thoumasson,83,Berkley,Alexis
39,Juarez,Drama|Romance,68,52,Judas MacGaffey,12,Judas,Vivyanne
19,Guerrilla: The Taking of Patty Hearst,Documentary,69,33,Haleigh Kenealy,48,Haleigh,Sarette
92,"Smurfs, The",Animation|Children|Comedy,86,3,Gardner Amiranda,96,Gardner,Terra
26,Dave Chappelle: For What it's Worth,Comedy,15,83,Alic Dewis,7,Alic,Kariotta
61,Dick Figures: The Movie,Action|Adventure|Animation,50,50,Ring Bugdall,35,Ring,Hadria
64,Unbroken,Drama|War,43,56,Kenneth MacCheyne,1,Kenneth,Anjela
51,"Farmer's Daughter, The",Comedy,85,38,Arthur Camellini,64,Arthur,Jeanna
27,Paradise Road,Drama|War,47,11,Herbert Payfoot,92,Herbert,Marj
70,"Philadelphia Story, The",Comedy|Drama|Romance,9,16,Chet Landall,10,Chet,Phyllys
85,Surrogates,Action|Sci-Fi|Thriller,39,61,Trstram Delany,29,Trstram,Jermaine
51,I Sell the Dead,Comedy|Horror,20,31,Horten Whatson,62,Horten,Christyna
48,Six Days Seven Nights,Adventure|Comedy|Romance,57,22,Lawry Jeckells,84,Lawry,Shayne
48,Superman III,Action|Adventure|Sci-Fi,77,28,Rance Sorbie,33,Rance,Joela
20,"Snake Pit, The",Drama,16,38,Ray McCombe,34,Ray,Cornelle
85,Floating,Drama,67,24,Goraud Ortiga,82,Goraud,Danica
37,The Four Feathers,Adventure|Drama|Romance|War,16,38,Dougie Juszkiewicz,30,Dougie,Dorthy
81,American Grindhouse,Documentary,17,62,Renard Bowkett,79,Renard,Gilbertina
57,"Miracle of Marcelino, The (Marcelino pan y vino)",Comedy|Drama,12,84,Anatol Karlmann,13,Anatol,Cassandry
100,Kikujiro (Kikujirô no natsu),Comedy|Drama,39,76,Barnebas Bryden,55,Barnebas,Thomasin
50,We Still Kill the Old Way,Crime,65,82,Gibbie Krabbe,35,Gibbie,Morgen
50,I Don't Want to Talk About It (De eso no se habla),Drama|Romance,30,56,Gregorius Buy,44,Gregorius,Harmony
52,Saints and Soldiers: Airborne Creed,Action|Drama|War,90,1,Araldo Pennuzzi,63,Araldo,Katlin
22,Gabrielle,Drama|Romance,19,46,Dukey Medforth,39,Dukey,Donetta
84,Green Tea (Lü cha),Drama|Romance,40,53,Lev Harses,11,Lev,Bibby
39,Mail Order Bride,Comedy|Western,54,69,Ernestus Swiffen,81,Ernestus,Karrie
26,Predator,Action|Sci-Fi|Thriller,49,49,Grady Kobierra,25,Grady,Regina
52,Goodbye Pork Pie,Action|Adventure|Drama,68,5,Maurise Bernardt,16,Maurise,Berthe
23,"Skylab, Le",Comedy|Drama,9,97,Tabor Luckie,54,Tabor,Vin
94,"Champion, The",Comedy,80,30,Rolfe Domerc,42,Rolfe,Kassia
3,Sleuth,Comedy|Mystery|Thriller,81,10,Ginger Manston,71,Ginger,Lanny
98,Hava Nagila: The Movie,Comedy|Documentary|Musical,84,87,Elliot Tierny,27,Elliot,Toni
61,Moscow on the Hudson,Comedy|Drama,16,90,Leonerd Ullyott,82,Leonerd,Dyanne
51,"Black Swan, The",Adventure,22,71,Alvie Casaccio,35,Alvie,Lorine
69,"Rains Came, The",Adventure|Drama|Romance,64,28,Cross Castel,42,Cross,Krysta
62,Kansas Raiders,Action|Adventure|Western,64,15,Karney Vanns,61,Karney,Tera
76,Destiny in Space,Documentary|IMAX,24,45,Galven Boothman,43,Galven,Hallie
43,20th Century Boys - Chapter 1: Beginning of the End,Adventure|Mystery|Sci-Fi,80,40,Richart Beamson,28,Richart,Siana
40,"Pope of Greenwich Village, The",Drama,9,66,Corny Gaule,40,Corny,Buffy
47,Just Pals,Western,11,9,Reggie Mason,16,Reggie,Maiga
18,"Private War of Major Benson, The",Children|Comedy|Romance,78,6,Finley O'Dyvoy,99,Finley,Camella
63,"Devil Wears Prada, The",Comedy|Drama,50,95,Hamil Waghorne,28,Hamil,Gabriellia
18,The Shoe,(no genres listed),79,38,Garreth Ramey,31,Garreth,Genovera
11,Vincere,Drama|Romance,19,93,Stillmann Larchier,35,Stillmann,Fulvia
82,Blackmail,Drama|Thriller,10,25,Abby Pomphrett,21,Abby,Glen
99,"White Hell of Pitz Palu, The (Die weiße Hölle vom Piz Palü) ",Action|Adventure|Drama,4,74,Tracy Fritzer,45,Tracy,Dottie
94,Stakeout on Dope Street,Crime|Drama,68,62,Alf Bixley,83,Alf,Ketty
97,Prophet's Prey,Crime|Documentary,88,16,Gregg Quilter,62,Gregg,Con
99,Leaving Las Vegas,Drama|Romance,50,20,Gabriello Girard,8,Gabriello,Shelley
52,Project X,Comedy|Drama,99,52,Hazlett Applegarth,71,Hazlett,Selestina
33,Burnt Offerings,Horror,8,87,Gilburt Colebourn,35,Gilburt,Gerda
39,Backwood Philosopher (Havukka-ahon ajattelija),Comedy|Drama,50,20,Mychal Aitcheson,11,Mychal,Marge
67,Brothers: The Return,Crime|Drama|Thriller,31,84,Mandel Maddinon,82,Mandel,Camilla
70,Wicker Park,Drama|Romance|Thriller,7,60,Trip Duckels,100,Trip,Leslie
3,Who's the Man?,Comedy,11,66,Antoine Barczynski,54,Antoine,Bess
73,"Naked Jungle, The",Adventure|Drama,53,80,Corbin Hodgets,6,Corbin,Simona
91,Man at Bath (Homme au bain),Drama,28,47,Maurie Stroud,85,Maurie,Enriqueta
53,Hercules in New York,Action|Comedy|Fantasy,40,75,Dillie Espy,50,Dillie,Sandra
39,Rock School,Documentary,85,77,Thedric Chatfield,97,Thedric,Kitty
95,Conman (Du Xia 1999),Comedy,86,90,Cobbie O'Hara,51,Cobbie,Rani
32,"Jungle Book, The",Animation|Children|Comedy|Musical,84,82,Ives Von Salzberg,70,Ives,Maggee
17,Chicago Joe and the Showgirl,Drama,64,49,Ced Henden,74,Ced,Alica
39,Thunderbird Six,Action|Sci-Fi,100,81,Waldemar Cleife,100,Waldemar,Tilda
40,Blind Horizon,Drama|Thriller,20,23,Ringo Winley,13,Ringo,Ann
55,"Condemned, The",Action|Adventure|Crime|Thriller,41,75,Peyton Iacoboni,43,Peyton,Leena
34,Straw Dogs,Drama|Thriller,89,19,Haily Laundon,53,Haily,Viola
25,Alice,Comedy|Drama|Fantasy|Romance,58,59,Pinchas Mallord,85,Pinchas,Amii
21,Somewhere Between,Documentary,46,12,Roi Connerly,68,Roi,Darice
29,1990: The Bronx Warriors (1990: I guerrieri del Bronx),Action|Sci-Fi,85,19,Conny Gaukrodge,16,Conny,Jade
5,Outland,Action|Sci-Fi|Thriller,37,36,Earlie Codrington,25,Earlie,Terra
18,Creature,Documentary,72,39,Tudor Neale,53,Tudor,Codie
65,Joseph and the Amazing Technicolor Dreamcoat,Musical,32,5,Kerk Lomaz,76,Kerk,Wandie
70,Mimino,Comedy,51,63,Merv Rodgman,17,Merv,Kerianne
81,Flame and Women (Honô to onna) ,Drama,25,93,Sebastian Broadley,40,Sebastian,Marji
71,8 Mile,Drama,46,65,Waylin Woodberry,41,Waylin,Virginie
22,Posse,Western,79,48,Marcelo Allsopp,97,Marcelo,Gretal
33,"Road to Hong Kong, The",Comedy,7,89,Karim Golby,53,Karim,Bobinette
35,Free Men (Les hommes libres),Drama|War,51,66,Alec Farryann,37,Alec,Camila
95,"Sin of Madelon Claudet, The",Drama,75,87,Joseito Swyn,65,Joseito,Charissa
24,Miracle at Oxford (True Blue),Drama,76,57,Delainey Stanway,11,Delainey,Clare
21,The Suspicious Death of a Minor,Comedy|Crime|Thriller,41,40,Dilan Kolakovic,98,Dilan,Gilberta
98,"Light Bulb Conspiracy, The",Documentary,61,79,Raimund Conlon,48,Raimund,Oriana
49,For All Mankind,Documentary,79,17,Mendel Dredge,48,Mendel,Merline
29,Anna Karenina,Drama|Romance,32,71,Wally Gaither,36,Wally,Maressa
59,Arranged,Comedy|Drama|Romance,100,8,Web Farnish,67,Web,Tybi
75,Night and Day,Drama|Musical,64,61,Chicky Berthomieu,23,Chicky,Madella
11,"Great Locomotive Chase, The",Adventure|War,3,29,Abraham Succamore,95,Abraham,Sunshine
45,"Dish & the Spoon, The",Comedy|Drama|Romance,73,34,Philbert Osgorby,83,Philbert,Dionis
76,Me and Him (Ich und Er),Comedy,60,22,Gay Coldwell,90,Gay,Angelica
6,Kwaidan (Kaidan),Horror,81,71,Kristofor Odd,63,Kristofor,Gui
5,"Pallbearer, The",Comedy,51,87,Francklyn Maskelyne,41,Francklyn,Melitta
9,Little Dieter Needs to Fly,Documentary,85,51,Winifield Symcock,100,Winifield,Monique
35,Indecent Proposal,Drama|Romance,48,47,Dell Santora,95,Dell,Annamarie
80,Monsignor,Drama|War,77,94,Erl Schoales,15,Erl,Jo-anne
16,Spy Hard,Comedy,63,80,Harmon Halpeine,86,Harmon,Andriana
25,Tarzan Finds a Son!,Action|Adventure,56,39,Jarrett Buttrey,92,Jarrett,Tabbitha
6,Marilena de la P7,Drama|Fantasy,29,80,Abie Lead,67,Abie,Dorthea
6,Gertie the Dinosaur,Animation|Children|Comedy,65,41,Andrej Sussex,52,Andrej,Lane
73,Fidel,Documentary,15,15,Rowen Nawton,47,Rowen,Leontine
67,Torrid Zone,Action|Adventure|Comedy,26,2,Wynn Reay,33,Wynn,Jennee
94,Final Destination 5,Horror|Thriller|IMAX,47,56,Ambrosi Rudeyeard,47,Ambrosi,Dita
25,Nothing Left to Fear,Horror,7,75,Claudio Woodger,61,Claudio,Carrie
50,Berlin Alexanderplatz,Drama,30,96,Gearard Rickaby,48,Gearard,Leola
37,Atlantis: The Lost Empire,Adventure|Animation|Children|Fantasy,1,42,Bronny Camelli,6,Bronny,Lindy
15,Capturing the Friedmans,Documentary,82,59,Mason Shaxby,61,Mason,Sofie
24,The Auction,Drama,81,34,Solomon Jahns,100,Solomon,Aaren
84,Best Seller,Thriller,9,47,Bay Allsup,7,Bay,Meggi
80,Death Race 3: Inferno,Action|Sci-Fi|Thriller,73,54,Ric Jevon,21,Ric,Justinn
100,Cold Turkey,Comedy,17,40,Rickie Petworth,89,Rickie,Linet
23,Dawn of the Planet of the Apes,Sci-Fi,45,8,Vasili McTear,70,Vasili,Terza
52,"Wild Angels, The",Action|Drama,28,92,Court Sheardown,63,Court,Anderea
39,"Corn Is Green, The",Drama,21,85,Hilario Collinson,16,Hilario,Helenka
13,You Are So Beautiful (Je vous trouve très beau),Comedy|Romance,15,57,Beltran Sultan,78,Beltran,Carie
74,Body Shots,Drama,71,96,Brock Mansel,28,Brock,Shandeigh
6,Tin Men,Comedy|Drama,9,71,Bartel Milstead,44,Bartel,Kirbie
86,A True Mob Story,(no genres listed),81,99,Simeon Aiston,6,Simeon,Jackquelin
33,Changeling,Crime|Drama|Mystery,69,62,Renaldo McClifferty,10,Renaldo,Malia
42,Lotta på Bråkmakargatan,Children,17,35,Rafaello Ferrario,11,Rafaello,Enriqueta
94,Something's Gotta Give,Comedy|Drama|Romance,23,42,Bogart Chasson,67,Bogart,Shandie
82,I Know Where I'm Going!,Drama|Romance|War,63,100,Cal Matejic,72,Cal,Jemie
38,"Burmese Harp, The (Biruma no tategoto)",Drama|War,92,17,Lovell Hicklingbottom,30,Lovell,Indira
13,Better This World,Documentary,30,46,Lennie Monkton,27,Lennie,Lillis
3,Smokey and the Bandit III,Action|Comedy,8,88,Judah Janek,42,Judah,Gerda
99,Dating the Enemy,Comedy|Romance,26,12,Corty Silber,97,Corty,Celia
42,"Perfect Day, A (Un giorno perfetto)",Drama,31,53,Willie Kyngdon,23,Willie,Leeann
66,Aujourd'hui,Drama,15,35,Windham Klejin,33,Windham,Pansie
50,Donos de Portugal,Documentary,26,59,Alexis McGuiness,30,Alexis,Ana
95,Ants in the Pants 2,Comedy,83,53,Keen Boldecke,50,Keen,Vitia
5,Any Questions for Ben?,Comedy|Drama,75,81,Law Robison,22,Law,Rosabel
71,Another Happy Day,Drama,49,19,Alden Ranyard,63,Alden,Ursala
86,Sisters of the Gion (Gion no shimai),Drama,99,55,Ritchie Wehden,96,Ritchie,Hesther
34,Children of a Lesser God,Drama,48,66,Nolly Pitway,90,Nolly,Kirbie
58,Identification Marks: None (Rysopis) ,Drama,87,17,Zolly Beyne,32,Zolly,Maible
92,Becoming Jane,Drama|Romance,52,76,Aksel Sinisbury,7,Aksel,Lynda
58,"Oh, Susanna!",Romance|Western,80,44,Jayme Housden,7,Jayme,Iolanthe
100,Woodsman and the Rain (Kitsutsuki to ame),Comedy|Drama,88,44,Parke Aizikovich,92,Parke,Pat
2,Peter's Friends,Comedy|Drama,60,16,Mahmoud Mabe,33,Mahmoud,Ann
15,"Autobiography of Nicolae Ceausescu, The (Autobiografia lui Nicolae Ceausescu)",Documentary,55,74,Jared Snassell,23,Jared,Ronalda
98,Rhinoceros,Comedy|Drama|Fantasy|Mystery|Romance,13,24,Derrick Woolbrook,10,Derrick,Megan
26,Some Days Are Better Than Others,Drama,9,22,Abby Vashchenko,50,Abby,Tilly
35,Deconstructing Harry,Comedy|Drama,58,71,Isacco Masters,73,Isacco,Yasmeen
81,"Crazy, Stupid, Love.",Comedy|Drama|Romance,5,54,Edgard Duckerin,30,Edgard,Paolina
99,Killing Zoe,Crime|Drama|Thriller,41,72,Moore Chapell,30,Moore,Kylynn
16,"Iron Mask, The",Adventure|Drama|Romance,63,24,Alick McNeish,99,Alick,Celia
16,Anatahan,Drama|War,88,18,Norton Begent,6,Norton,Jacynth
78,Attraction,Drama|Romance|Thriller,5,31,Puff Cauthra,89,Puff,Darda
85,Take Out,Drama,30,98,Ludovico Jaggard,59,Ludovico,Vere
96,Blazing Guns,Adventure|Western,73,13,Morey Mollatt,75,Morey,Theresina
32,"Perfect Day, A (Un giorno perfetto)",Drama,21,58,Sherm Verbeke,51,Sherm,Barbee
43,"Deadly Mantis, The",Horror|Sci-Fi,64,71,Decca Parram,7,Decca,Darrelle
83,Affluenza,Drama,62,8,Tore Sabin,4,Tore,Bonny
21,Min and Bill,Comedy|Drama,57,38,Christopher Jagiela,85,Christopher,Melania
34,Eva,Drama|Fantasy|Sci-Fi,76,92,Kip St. John,99,Kip,Renate
3,Mr. & Mrs. Smith,Comedy|Romance,16,70,Jody O'Feeny,85,Jody,Darryl
38,Will,Children|Drama,32,18,Barris Layfield,5,Barris,Merrili
74,Game Over: Kasparov and the Machine,Documentary,52,51,Lowe Canete,55,Lowe,Erena
22,W.W. and the Dixie Dancekings,Comedy,10,78,Kayne Wolton,53,Kayne,Inesita
55,Double Wedding,Comedy|Romance,37,45,Spencer Wasselin,83,Spencer,Sibby
83,Dancemaker,Documentary,67,3,Farrell Gourlay,30,Farrell,Margit
93,Buud Yam,Drama,8,98,Emmott Mark,24,Emmott,Alidia
9,Stefano Quantestorie,Comedy|Drama,42,76,Brit Margetson,30,Brit,Erminie
21,Just Like Brothers (Comme des frères),Comedy|Drama|Romance,8,26,Mycah Duhig,56,Mycah,Rhodia
95,Flock of Dodos: The Evolution-Intelligent Design Circus,Documentary,83,60,Kristoffer Jasik,72,Kristoffer,Mariana
75,Directed by John Ford,Documentary,58,5,Pat Shewan,99,Pat,Shelba
8,Sunes sommar,Comedy,11,91,Zared Vieyra,51,Zared,Bevvy
6,Escobar: Paradise Lost,Romance|Thriller,55,4,Glenn Graveney,51,Glenn,Michelle
12,"Fly, The",Drama|Horror|Sci-Fi|Thriller,40,83,Onfroi Rain,54,Onfroi,Phebe
86,I Bought a Vampire Motorcycle,Comedy|Horror,88,10,Ashbey Crohan,21,Ashbey,Shaina
81,Street People,Action|Thriller,6,34,Nikolas Burkill,91,Nikolas,Micky
61,Baby Geniuses,Comedy,5,62,Hirsch Maylam,31,Hirsch,Dion
67,Café Lumière (Kôhî jikô),Drama,4,35,Grove Kingsmill,64,Grove,Gerrie
22,Hollow Man II,Action|Horror|Sci-Fi|Thriller,19,12,Shell Cholton,49,Shell,Quinn
35,"Andalusian Dog, An (Chien andalou, Un)",Fantasy,9,32,Maurizio De La Haye,12,Maurizio,Loretta
69,Downloaded,Documentary,92,60,Rriocard Putman,87,Rriocard,Etti
90,I Am Curious (Blue) (Jag är nyfiken - en film i blått),Drama,3,24,Reg Finicj,67,Reg,Leese
27,Footprints on the Moon (Le orme) (Primal Impulse),Mystery|Thriller,66,35,Nickolaus Shadrack,92,Nickolaus,Carmelita
50,Welcome Mr. Marshall (Bienvenido Mister Marshall),Comedy,41,14,Salim Bolden,82,Salim,Allegra
16,Riding the Bullet,Horror|Thriller,84,31,Der Brome,79,Der,Kelley
22,Soap and Water,Comedy,77,3,Guthrie Blanche,70,Guthrie,Tania
45,Transporter 3,Action|Adventure|Crime|Thriller,100,45,Saleem Sewart,98,Saleem,Marleah
95,Triple Agent,Drama|Thriller,37,3,Luis Walcher,20,Luis,Brigit
26,Killer Legends,Crime|Documentary,52,12,Grove Blazewicz,44,Grove,Karlyn
82,Little Monsters,Comedy,7,53,Filippo Abramovitz,41,Filippo,Lea
82,"Last Hangman, The (Pierrepoint)",Drama,41,92,Roscoe Nicklinson,20,Roscoe,Devondra
43,"Resurrected, The",Horror,26,94,Darnell Bonnett,52,Darnell,Karrah
4,Jerry Springer: The Opera,Comedy|Fantasy|Musical,17,62,Glenden Verriour,49,Glenden,Jayne
13,Silver Bullet (Stephen King's Silver Bullet),Adventure|Drama|Horror|Mystery|Thriller,81,85,Isa Palke,51,Isa,Hollie
3,All Access,Documentary|Musical|IMAX,48,83,Falkner Cartan,44,Falkner,Felicia
46,"Englishman Who Went Up a Hill But Came Down a Mountain, The",Comedy|Romance,91,46,Allyn Titchmarsh,28,Allyn,Ilyssa
64,Hillbillys in a Haunted House,Comedy,11,24,Fin Mc Caughen,11,Fin,Sheri
66,"Oily Maniac, The (You gui zi)",Horror,96,82,Rory Vockings,31,Rory,Gerrilee
27,Parenti serpenti,Comedy,95,28,Johnny Bourgeois,4,Johnny,Barb
86,Naked Violence,Crime|Drama,44,23,Mendy Penvarden,56,Mendy,Susette
8,Tyler Perry's A Madea Christmas,Comedy|Drama,53,43,Quinn Broadbury,12,Quinn,Kristal
35,Attack!,Drama|War,33,49,Graeme Gunning,42,Graeme,Allyce
56,Holidaze,Children|Drama|Romance,64,21,Marcus Waulker,80,Marcus,Marylin
92,Direct Action,Action|Crime|Thriller,21,49,Mikey Carluccio,73,Mikey,Valera
26,"Bling Ring, The",Crime|Drama,56,54,Willey Blanche,77,Willey,Idaline
67,Stark Raving Mad,Action|Comedy|Crime,73,73,Pepe Gopsell,91,Pepe,Fanni
59,Roadie,Comedy|Drama,50,25,Felipe Rowsel,26,Felipe,Katina
67,"Eclisse, L' (Eclipse)",Drama,76,35,Andy Boothe,77,Andy,Karylin
16,Armored,Action|Drama|Thriller,33,89,Hy Trevon,60,Hy,Torey
31,Terror in a Texas Town,Western,70,55,Willie de Aguirre,22,Willie,Tomasine
99,If I Were You,Comedy|Drama,11,22,Donnell Del Dello,11,Donnell,Thomasin
85,Eragon,Action|Adventure|Fantasy,91,31,Simone Coward,74,Simone,Chlo
34,Infernal Affairs 2 (Mou gaan dou II),Action|Crime|Drama|Thriller,74,31,Winston McCully,72,Winston,Jobie
11,"Ballad of Jack and Rose, The",Drama,11,23,Renado Thamelt,32,Renado,Kiley
34,Law and Order,Action|Romance|Western,24,99,Cass Cleatherow,100,Cass,Di
37,"Hole in the Head, A",Comedy|Musical,89,55,Emlyn Gyrgorcewicx,89,Emlyn,Sherrie
9,Ken Park,Drama,95,25,Fielding Ashe,25,Fielding,Michaeline
25,Kagerô-za,Fantasy|Romance|Thriller,39,46,Ernest Bastide,41,Ernest,Haleigh
89,Black Magic (Meeting at Midnight) (Charlie Chan in Meeting at Midnight) (Charlie Chan in Black Magic),Comedy|Crime|Drama,5,57,Tabor Hebbard,80,Tabor,Bonnie
19,Beautiful Darling,Documentary,40,53,Nikolas Delcastel,65,Nikolas,Chantal
92,"Great Train Robbery, The (a.k.a. First Great Train Robbery, The)",Action|Adventure|Comedy|Crime|Drama,8,58,Florian Brend,74,Florian,Rahel
88,Planet Hulk,Animation|Sci-Fi,87,29,Salomon Noddle,15,Salomon,Andy
57,Dick,Comedy,78,14,Samson Iggulden,75,Samson,Tish
2,"Nines, The",Drama|Mystery,32,29,Konstantine Marchment,83,Konstantine,Annabal
97,Scott Pilgrim vs. the World,Action|Comedy|Fantasy|Musical|Romance,49,97,Perren Yeend,76,Perren,Michaeline
44,"Atalante, L'",Comedy|Drama|Romance,27,9,Gerald Lenham,32,Gerald,Aprilette
38,"Pyramid, The",Horror,92,98,Albie Ottam,96,Albie,Janie
5,"Last Starfighter, The",Action|Adventure|Comedy|Sci-Fi,70,16,Sammy Laverack,80,Sammy,Rosana
64,"Kautokeino Rebellion, The (Kautokeino-opprøret)",Drama,68,40,Waverly Grigson,68,Waverly,Cassi
45,"Fallen Idol, The",Drama|Mystery|Thriller,80,11,Car Scottini,66,Car,Aleda
72,"Red Balloon, The (Ballon rouge, Le)",Children|Fantasy,42,90,Raff Papps,60,Raff,Mollee
67,"Son of Kong, The",Adventure|Comedy|Fantasy,7,77,Alejoa Limbrick,16,Alejoa,Heidi
18,"Dead Calling, A",Horror,82,85,Lorrie Dupree,36,Lorrie,Nannie
58,Planes: Fire & Rescue,Adventure|Animation|Comedy,5,48,Parry Shilito,62,Parry,Maggie
31,"Sand Pebbles, The",Drama|Romance|War,56,26,Lutero O'Drought,19,Lutero,Danni
22,Zatoichi's Revenge (Zatôichi nidan-kiri) (Zatôichi 10),Action|Drama,36,68,Emlen Landman,27,Emlen,Nanice
98,Going the Distance,Comedy,68,68,Mendie Rack,53,Mendie,Celeste
32,Intervista,Comedy|Drama,56,44,Huntington Stapels,53,Huntington,Billie
12,Mr. & Mrs. Bridge,Drama,28,17,Ara Itzkovwitch,48,Ara,Tiffanie
56,Bethlehem,Drama|Thriller|War,7,31,Quinn Feechum,81,Quinn,Kaitlynn
22,Miss Farkku-Suomi,Drama|Romance,83,40,Dietrich Dumingo,97,Dietrich,Ruthanne
32,Frozen,Drama|Horror|Thriller,97,15,Emmit Rampley,13,Emmit,Lory
22,Smokers Only (Vagón Fumador),Drama|Romance,84,59,Edgardo Scandred,91,Edgardo,Daisie
86,"Business of Fancydancing, The",Drama,79,22,Inness Vasyutin,8,Inness,Walliw
39,"Terrace, The (Terrazza, La)",Drama,58,24,Claudius Nial,30,Claudius,Demetra
27,Dead or Alive: Hanzaisha,Action|Crime,84,92,Jonathon Ravenhill,27,Jonathon,Liza
44,Ernest Goes to Africa,Comedy,23,7,Blayne Hewlings,31,Blayne,Ophelia
72,Monster-in-Law,Comedy|Romance,50,70,Roi Bridal,42,Roi,Holly
36,Moneyball,Drama,98,17,Kiley Heamus,81,Kiley,Karin
45,"Boys from Brazil, The",Action|Mystery|Thriller,61,53,Pete Guidetti,53,Pete,Kizzee
51,Lunacy (Sílení),Animation|Horror,72,99,Jeramie Inde,3,Jeramie,Analise
16,American Heart,Crime|Drama,41,74,Frederik Bacop,69,Frederik,Dollie
70,Mom and Dad Save the World,Comedy|Sci-Fi,18,65,Dru Prugel,96,Dru,Jorie
51,"Fish Called Wanda, A",Comedy|Crime,80,58,Maddie Reavell,91,Maddie,Nalani
52,Strapped,Action|Drama,75,9,Corny Rockwill,55,Corny,Yelena
47,Penguins of Madagascar,Adventure|Animation|Children|Comedy,90,95,Reggie Dolman,93,Reggie,Ilsa
99,Mother Wore Tights,Musical,83,3,Dur Scarbarrow,73,Dur,Dotty
7,Home from the Hill,Drama|Romance,19,33,Shay Maynell,85,Shay,Jodie
31,"Jacket, The",Drama|Mystery|Sci-Fi|Thriller,65,82,Tyrus Thomesson,31,Tyrus,Iris
79,Tarzan and His Mate,Action|Adventure,64,14,Ingram Giovannini,93,Ingram,Berny
12,"Swordsman II (Legend of the Swordsman, The) (Xiao ao jiang hu zhi: Dong Fang Bu Bai)",Action|Fantasy,50,14,Wheeler Klimczak,76,Wheeler,Ebony
51,Prince Valiant,Adventure,11,88,Dominick Bateson,24,Dominick,Cristabel
43,Asterix in America (a.k.a Asterix Conquers America) (Astérix et les Indiens),Adventure|Animation|Children|Comedy,55,72,Leeland Cumbers,62,Leeland,Starlene
36,Finding a Family,Drama,31,59,Pen Vondruska,4,Pen,Deeann
22,Watchers,Horror|Sci-Fi,22,17,Tobiah Aymer,94,Tobiah,Paulina
58,Barbie: A Fashion Fairytale,Animation|Children,27,36,Packston Van den Velden,89,Packston,Idelle
2,La Planque,Comedy,69,47,Cassie Osipenko,93,Cassie,Ariella
8,Leningrad Cowboys Meet Moses,Adventure|Comedy,81,60,Nevins Deas,89,Nevins,Ileane
67,Underworld: Awakening,Action|Fantasy|Horror|IMAX,74,50,Edgardo Heathcoat,100,Edgardo,Lisabeth
88,Cannibal Holocaust,Horror,28,50,Randi Phipp,36,Randi,Brandise
39,Futurama: The Beast with a Billion Backs,Action|Animation|Comedy|Romance|Sci-Fi,47,81,Gregory Pritchitt,39,Gregory,Anselma
9,They Call Us Misfits (Dom kallar oss mods),Documentary,84,45,Jakob Houndsom,87,Jakob,Jessica
33,Die Fighting,Action|Thriller,21,78,Erick Snap,92,Erick,Cordelia
18,Day and Night (Dag och natt),Drama,35,89,Mace McIlraith,75,Mace,Christye
14,Wake Island,Drama|War,72,41,Lukas Hubane,73,Lukas,Tommi
74,Painted Fire (Chihwaseon),Drama,70,40,Teodorico Cordero,1,Teodorico,Athene
53,I'm Still Here,Comedy|Drama,17,91,Aguistin Grindle,98,Aguistin,Hedvige
89,Rated X: A Journey Through Porn,Documentary,77,88,Angus Clayton,47,Angus,Pamelina
39,¡Qué hacer!,Drama,10,85,Sonny Kemetz,99,Sonny,Jolie
1,Messages Deleted,Mystery|Thriller,49,96,Egor Leedes,54,Egor,Christal
36,Club Dread,Comedy|Horror,41,38,Nelson Choat,39,Nelson,Avrit
63,Class of 1999,Action|Horror|Sci-Fi,61,43,Reinhold Sawley,76,Reinhold,Kellina
36,Little Fish,Crime|Drama|Romance|Thriller,16,73,Agustin Fries,84,Agustin,Bobinette
22,Joni's Promise,Comedy,13,12,Symon Acland,32,Symon,Lyssa
80,Worlds Apart (To verdener),Drama,61,20,Ebeneser Bromby,56,Ebeneser,Emili
95,Beneath the Harvest Sky,Drama,72,20,Kristofor Seago,21,Kristofor,Gussi
64,Don't Look Back (Ne te retourne pas),Drama|Horror|Mystery|Thriller,21,54,Wally Penson,87,Wally,Emilie
28,Cleopatra,Drama|Romance|War,14,14,Brice Bolger,100,Brice,Bree
92,Housekeeping,Comedy|Drama,53,10,Trumaine Imms,93,Trumaine,Chelsie
15,"Monkey's Mask, The",Crime|Mystery,75,48,Cam Overel,57,Cam,Jacquette
1,Pendulum,Drama,93,35,Zachary Prugel,81,Zachary,Jolene
40,"Corridors of Time: The Visitors II, The (Couloirs du temps: Les visiteurs 2, Les)",Children|Comedy|Fantasy|Sci-Fi,65,14,Byrann Mourant,29,Byrann,Emilie
42,Everyone Else (Alle Anderen),Drama|Romance,25,95,Lyn Hicks,53,Lyn,Aila
16,Guns at Batasi,Drama,94,1,Arney Nottingam,67,Arney,Wenona
32,Drei Stunden,Comedy|Romance,1,53,Rudolfo Huke,37,Rudolfo,Dorelia
73,Addicted,Drama,87,82,Emanuele Sone,86,Emanuele,Mariann
54,Svampe,Adventure|Children,95,73,Stevy Stenning,18,Stevy,Kristel
56,Crazy on the Outside,Comedy|Crime,94,71,Iver Tibols,7,Iver,Neala
10,Boris Godunov,Drama,37,60,Kurt Rickesies,82,Kurt,Rivi
74,"Rebel, The",Action|Drama|Romance,50,47,Nicolai Fidgin,51,Nicolai,Edwina
59,Breakfast of Champions,Comedy|Sci-Fi,64,35,Wildon Fleckno,90,Wildon,Lanae
48,Whistle Down the Wind,Drama,84,87,Glynn Delieu,76,Glynn,Roanne
90,Mr. Mom,Comedy|Drama,56,26,Ase Pheby,74,Ase,Rebeka
29,Bound,Crime|Drama|Romance|Thriller,17,23,Winfield Hamp,64,Winfield,Shanna
78,Pandorum,Horror|Sci-Fi|Thriller,25,26,Aldrich Mullin,29,Aldrich,Roanne
35,"Boys Are Back, The",Comedy|Drama,89,58,Ramsay Hadwin,18,Ramsay,Tommy
67,Simple Simon (I rymden finns inga känslor),Comedy|Drama,87,18,Kiley Tattersfield,37,Kiley,Benedetta
70,Harry and the Hendersons,Children|Comedy,86,49,Barth Gallehawk,85,Barth,Audy
16,Road to Redemption,Comedy|Drama,45,77,Adham Graalman,91,Adham,Desiri
29,Next Stop Wonderland,Comedy|Drama|Romance,69,61,Link Tebbut,66,Link,Kalina
81,"Second Time Around, The",Comedy|Western,20,43,Ernest Longmate,68,Ernest,Elladine
52,Mondo Cane,Documentary,13,7,Antin Delcastel,15,Antin,Corrine
31,"Horseman on the Roof, The (Hussard sur le toit, Le)",Drama|Romance,17,10,Lawton Hogbin,21,Lawton,Shandie
92,Solyaris,Drama|Sci-Fi,51,82,Bartolomeo Licciardiello,31,Bartolomeo,Carree
11,"Overbrook Brothers, The",Comedy,63,76,Ward Gunney,65,Ward,Noni
14,Lipton Cockton in the Shadows of Sodoma,Drama|Mystery|Sci-Fi,78,24,Kin Lathan,31,Kin,Angelika
27,Sordid Lives,Comedy,99,25,Gabe Swanston,18,Gabe,Anastasia
89,Any Number Can Play,Drama,68,80,Yuma Valek,9,Yuma,Jyoti
10,Go for Broke!,Drama|War,15,99,Kristofor Luff,30,Kristofor,Hatty
22,"Haunting, The",Horror|Thriller,78,59,Lin Batram,89,Lin,Dena
75,Curse of the Demon (Night of the Demon),Fantasy|Horror|Mystery,13,31,Nye Findlay,72,Nye,Dani
17,A Fugitive from the Past,Crime|Drama|Mystery,14,37,Clyde Dudleston,62,Clyde,Tana
36,Infernal Affairs (Mou gaan dou),Crime|Drama|Thriller,63,61,Trever Manzell,80,Trever,Ebba
85,Indiana Jones and the Kingdom of the Crystal Skull,Action|Adventure|Comedy|Sci-Fi,85,12,Cecilius Crellin,57,Cecilius,Gilbertine
92,Victor/Victoria,Comedy|Musical|Romance,11,41,Stanton Hallstone,80,Stanton,Norean
22,"Thorn Birds, The",Drama|Romance,7,67,Timmie Mullenger,96,Timmie,Alix
86,"Nameless, The (Los sin nombre)",Drama|Horror|Mystery,91,62,Benjie Fleg,22,Benjie,Claretta
27,My Wife Is a Gangster (Jopog manura),Action|Comedy|Romance,39,71,Harry Craigmyle,58,Harry,Leeann
46,Sex Lives of the Potato Men,Comedy,7,28,Georgi Froggatt,91,Georgi,Jess
25,"Parallax View, The",Thriller,80,96,Sigismund Bridgestock,70,Sigismund,Inez
28,"Maybe, Maybe Not (Bewegte Mann, Der)",Comedy,75,90,Alfonso de Guise,96,Alfonso,Wilhelmina
39,Godzilla vs. King Ghidorah (Gojira vs. Kingu Gidorâ),Action|Sci-Fi,94,10,Addy Charker,99,Addy,Farica
25,"Island, The",Action|Sci-Fi|Thriller,60,33,Ram Stork,64,Ram,Haily
97,"Conspirator, The",Drama,28,38,Luce Killough,96,Luce,Klarrisa
42,"Curse of the Cat People, The",Drama,87,85,Pennie Rippon,68,Pennie,Nessy
28,Prince Valiant,Adventure,96,8,Frederick Slyvester,29,Frederick,Anny
32,Alien Abduction,Horror|Mystery|Sci-Fi,33,88,Rock Duff,31,Rock,Avril
10,My Sassy Girl (Yeopgijeogin geunyeo),Comedy|Romance,5,29,Kirby Jekel,23,Kirby,Jeannette
99,"Streaks, The (Pregi)",Drama,88,28,Pooh Penwell,96,Pooh,Bobbette
24,Dog Pound,Drama,63,9,Ker Brewerton,40,Ker,Leesa
55,"Day After Tomorrow, The",Action|Adventure|Drama|Sci-Fi|Thriller,79,53,Leland Gibbe,41,Leland,Flossi
75,Goodbye Uncle Tom,Drama,36,50,Emmerich Dodshun,38,Emmerich,Clio
96,Manson,Documentary,5,91,Nelson Bolland,48,Nelson,Shani
35,Nana,Drama,50,68,Kile Garrood,32,Kile,Arlee
17,Steam of Life (Miesten vuoro),Documentary,44,48,Beauregard Snasdell,73,Beauregard,Ninon
75,Loose Change: Second Edition,Documentary|Mystery,100,29,Mortie Mattingley,40,Mortie,Vania
30,Waterboys,Comedy,93,64,Desmond Wormleighton,62,Desmond,Daniele
78,I Love You to Death,Comedy|Crime,12,58,Bill Soppett,31,Bill,Daryl
43,Heavy Weather,Comedy,18,83,Durant Norbury,80,Durant,Doretta
4,Triage,Drama|War,50,50,Herschel Hardaker,78,Herschel,Alethea
31,Island in the Sun,Drama|Romance,49,16,Camey Broek,44,Camey,Gayleen
82,Broadway Serenade,Drama|Musical|Romance,35,16,Padraig Etchells,11,Padraig,Leora
68,Madison,Drama,1,98,Eugene Ogbourne,55,Eugene,Carlynn
62,"Love, Wedding, Marriage",Comedy|Romance,42,37,Yul Da Costa,92,Yul,Faythe
79,London Boulevard,Crime|Romance,40,91,Mendie Marmon,62,Mendie,Darleen
10,When Animals Dream (Når dyrene drømmer),Drama|Horror|Mystery,24,39,Jose Dory,98,Jose,Trudy
11,Gung Ho! (Gung Ho!: The Story of Carlson's Makin Island Raiders),Drama|War,86,58,Abrahan Knevit,11,Abrahan,Abagael
17,Dead Snow 2: Red vs. Dead ,Action|Comedy|Horror,20,46,Martie McCalum,22,Martie,Fayette
99,Fires Were Started,Documentary|Drama,66,74,Yorke Skae,74,Yorke,Melosa
47,Snow White and the Huntsman,Action|Adventure|Drama,45,69,Gilberto Woffinden,35,Gilberto,Nicolette
17,I Don't Want to Talk About It (De eso no se habla),Drama|Romance,52,36,Feodor Lockyer,74,Feodor,Gwendolin
86,Stockholm Stories,Drama,25,48,Cosme Lofty,96,Cosme,Shalne
52,La vérité si je mens !,Comedy,27,25,Emlyn Paramore,14,Emlyn,Dyane
74,Happiness,Documentary,60,51,Simmonds Hatch,15,Simmonds,Andeee
71,"Triplets of Belleville, The (Les triplettes de Belleville)",Animation|Comedy|Fantasy,35,19,Archaimbaud Markwick,42,Archaimbaud,Margette
70,Summer Heights High,(no genres listed),70,72,Godart Sherr,75,Godart,Revkah
23,"Human Tornado, The",Action|Comedy,85,52,Kaiser Gerok,71,Kaiser,Hollie
85,Baraka,Documentary,39,98,Northrop Brodeau,38,Northrop,Neala
90,Whistling in Brooklyn,Comedy|Crime|Mystery|Romance,39,40,Lydon Westoff,46,Lydon,Isa
68,Tracy Morgan: Black and Blue,Comedy,8,90,Jarrett Randals,16,Jarrett,Latashia
84,Carry on Screaming!,Comedy|Horror,50,50,Emmy Besse,93,Emmy,Denyse
70,Sink the Bismark!,Action|Drama|War,78,41,Tully Esley,46,Tully,Zahara
62,Rosewood Lane,Horror|Thriller,24,2,Jock Stigger,19,Jock,Nerissa
86,Down Periscope,Comedy,57,18,Kareem Heiss,60,Kareem,Jacqui
91,Deathwatch,Drama|Horror|Thriller|War,5,64,Barr Dureden,9,Barr,Leah
46,Kind Lady,Drama|Thriller,59,89,Bryon Walsh,70,Bryon,Augustine
44,The great match,Comedy,68,79,Tyrone Goundry,11,Tyrone,Shela
88,GoldenEye,Action|Adventure|Thriller,82,71,Lodovico Klass,35,Lodovico,Corey
13,"Fourth Kind, The",Horror|Mystery|Sci-Fi|Thriller,4,51,Calvin Ledstone,94,Calvin,Calypso
88,"Sumo Do, Sumo Don't (Shiko funjatta)",Comedy,44,8,Paddy Albro,68,Paddy,Carmita
84,11 Flowers (Wo 11),Drama,40,17,Itch Rockcliff,75,Itch,Ursala
28,Shakespeare's Globe: Henry V,Drama,24,54,Faulkner Shuxsmith,8,Faulkner,Ella
10,Before Sunset,Drama|Romance,19,82,Cullen Roumier,69,Cullen,Jerrie
40,Look,Drama,99,46,Haleigh Gandley,95,Haleigh,Sharla
40,Shanghaied,Comedy,41,72,Quint Kobierski,100,Quint,Virgie
52,Scenes from a Mall,Comedy,17,85,Tomaso Roseveare,83,Tomaso,Charline
20,Times and Winds (Bes vakit),Drama,75,26,Reamonn Gingel,71,Reamonn,Kyla
22,Shrek the Third,Adventure|Animation|Children|Comedy|Fantasy,60,12,Roldan Galler,81,Roldan,Fredi
37,Isabelle au bois dormant,Animation|Comedy,31,60,Nikolai Virgoe,82,Nikolai,Bernardina
30,Rain Man,Drama,51,47,Rickert Barby,16,Rickert,Desdemona
100,Holiday Engagement,Comedy,17,87,Gabe Nyssen,48,Gabe,Bev
96,Pete Kelly's Blues,Crime|Drama,42,23,Paulo Grills,41,Paulo,Chrystel
93,Everybody's Got Somebody... Not Me,Drama,65,62,Carney Burberye,74,Carney,Ranee
40,"Welcome Home, Roscoe Jenkins",Comedy,94,91,Stanly Blakeley,47,Stanly,Deva
49,Operation Petticoat,Action|Comedy|Romance|War,88,78,Antonio Follan,94,Antonio,Tallulah
91,Manufacturing Dissent,Documentary,1,58,Roland Hallbord,83,Roland,Ynez
3,Alice in Wonderland,Adventure|Children|Fantasy,52,13,Moise Cottrell,96,Moise,Bambi
58,Chandni Chowk to China,Action|Comedy,79,97,Valentijn Raspel,9,Valentijn,Benedicta
14,"Hidden Face, The (La cara oculta)",Thriller,58,33,Conrad Copnar,17,Conrad,Morganica
30,Wild Hogs,Adventure|Comedy,44,63,Alfons Weatherup,24,Alfons,Berna
89,I Shot a Man in Vegas,Comedy,53,99,Brooks Smidmore,40,Brooks,Jeanine
12,"Guru, The",Comedy|Romance,74,26,Doug Impey,87,Doug,Valeria
19,"Wild Horse, Wild Ride",Documentary|Western,24,63,Claybourne Dimock,24,Claybourne,Christabel
80,Yellow Sky,Crime|Western,38,41,Gawen Lillgard,79,Gawen,Imogene
95,"Ballad of Ramblin' Jack, The",Documentary,96,13,Skip Seedull,53,Skip,Lucretia
81,"Son, The (Le fils)",Drama,92,97,Hilario Abram,69,Hilario,Liane
60,Infernal Affairs III (Mou gaan dou III: Jung gik mou gaan),Action|Crime|Drama|Thriller,32,14,Jordan Hares,9,Jordan,Devan
17,Regarding Henry,Drama,86,21,Lorry Straw,29,Lorry,Gabriela
26,Tortilla Flat,Comedy|Drama|Romance,4,53,Gardie Filkov,84,Gardie,Rina
87,"Overnighters, The",Documentary|Drama,99,15,Cello Mendes,53,Cello,Vonny
70,Rage in Heaven,Drama|Thriller,3,29,Eberhard Swabey,3,Eberhard,Henriette
85,Belly 2: Millionaire Boyz Club,Drama,7,81,Care Jablonski,18,Care,Petrina
51,Hexed,Comedy,95,58,Justis Lighterness,60,Justis,Constancy
21,Minuscule: Valley of the Lost Ants (Minuscule - La vallée des fourmis perdues),Adventure|Animation|Children,59,71,Xavier Falco,26,Xavier,Jasmin
98,Pigs with a P.38,(no genres listed),61,54,Zacharia Eastwell,33,Zacharia,Gustie
68,Jacknife,Drama,80,93,Darrell Minter,75,Darrell,Joice
95,Serial (Bad) Weddings (Qu'est-ce Qu'on An Fit Au Bon Dieu?),Comedy|Romance,100,91,Siffre Soro,35,Siffre,Babbette
32,Balls Out: Gary the Tennis Coach,Comedy,81,60,Noe Plumstead,54,Noe,Joli
23,Odette Toulemonde,Comedy|Drama,84,81,Gris Phelipeaux,9,Gris,Olva
67,Supermen of Malegaon,Documentary,47,94,Tyler Goodisson,35,Tyler,Isabelita
86,"We and the I, The",Drama,32,83,Ramon MacGiolla Pheadair,30,Ramon,Robbin
13,S.P.L.: Kill Zone (Saat po long),Action|Crime|Drama|Thriller,86,40,Keary Capenor,22,Keary,Nadeen
59,Maximum Conviction,Action|Adventure|Thriller,77,4,Erik Extal,18,Erik,Della
90,How to Die in Oregon,Documentary|Drama,33,90,Win Killcross,37,Win,Deedee
41,"Fog, The",Action|Horror|Mystery|Thriller,57,22,Christie Gueinn,97,Christie,Ara
35,"Tomorrow, the World!",Drama,52,38,Kimbell Abelwhite,57,Kimbell,Prisca
37,North Star (a.k.a. Tashunga),Action|Adventure|Crime|Drama|Western,32,22,Michal Braferton,31,Michal,Marja
26,Sweet Bird of Youth,Drama,10,26,Jamey Ashwin,70,Jamey,Emiline
95,"Lucky Texan, The",Romance|Western,100,81,Roman Thickett,26,Roman,Coral
59,Christopher Columbus: The Discovery,Adventure,6,21,Kevin Bittlestone,69,Kevin,Ulla
61,Crisis (Kris),Drama,91,80,Giles Nouch,35,Giles,Lark
21,Crash,Crime|Drama,36,4,Cristian Vynall,62,Cristian,Kori
67,Better Living,Comedy,69,75,Gerry Cogar,27,Gerry,Dyann
48,Rize,Documentary,69,86,Kerk Thecham,33,Kerk,Devonne
81,"Last Days on Mars, The",Horror|Sci-Fi,57,18,Waverley Wemes,59,Waverley,Consuelo
38,Drunken Master (Jui kuen),Action|Comedy,69,37,Esteban Lauga,8,Esteban,Ericka
73,"Yearling, The",Children|Drama,64,24,Jarid Brandts,67,Jarid,Wallis
2,Asterix vs. Caesar (Astérix et la surprise de César),Adventure|Animation|Children|Comedy,44,100,Fowler Mannakee,40,Fowler,May
69,6 Bullets,Action|Crime|Thriller,93,81,Basilius Boatswain,50,Basilius,Tony
86,"American, The",Drama|Thriller,94,87,Giuseppe Andrieux,60,Giuseppe,Kania
57,David Cross: The Pride Is Back,Comedy,87,20,Luther Wathan,10,Luther,Honey
41,Zero 2,Comedy|Thriller,3,72,Abbe Breitler,38,Abbe,Kathleen
90,Matti: Hell Is for Heroes (Matti),Comedy|Drama,66,46,Osborne Boost,87,Osborne,Tessy
68,Harper,Crime|Drama|Mystery,59,23,Mic Corns,5,Mic,Kriste
27,"Castle of Sand, The (Suna no utsuwa)",Crime|Mystery|Thriller,28,16,Linoel Bennike,77,Linoel,Jany
80,Artois the Goat,Comedy,33,40,Gavin Trueman,52,Gavin,Lisette
11,"Secret Adventures of Tom Thumb, The",Adventure|Animation,29,72,Berton Heppner,40,Berton,Brynne
53,"Wind Journeys, The (Viajes del viento, Los)",Drama,21,4,Reggie Beccero,51,Reggie,Bibbye
33,Savages,Crime|Drama|Thriller,9,28,Terry Cradey,21,Terry,Haley
92,"Fan, The",Drama|Thriller,7,34,Parker Candie,29,Parker,Erika
64,"Lonely Man, The",Western,11,76,Hubert Feavyour,29,Hubert,Reta
95,Mother India,Drama|Musical,31,26,Delbert Brunelli,27,Delbert,Paulie
68,Three on a Weekend,Drama,23,78,Zachery Swetman,60,Zachery,Aileen
73,This Is the Night,Comedy,29,72,Morten Tingley,64,Morten,Karisa
73,White Squall,Action|Adventure|Drama,24,95,Pace Dict,84,Pace,Jasmina
30,Jimmy Carter Man from Plains,Documentary,37,45,Wang Mecco,70,Wang,Livy
93,"Tree of Wooden Clogs, The (L'albero degli zoccoli)",Drama,4,36,Wade Leijs,34,Wade,Katherina
95,In the Realm of the Senses (Ai no corrida),Drama,16,97,Ambrosi Regenhardt,17,Ambrosi,Carmencita
54,Flirting,Drama,1,79,Holt Carnew,59,Holt,Judie
29,"Harvest Month, The (Elokuu)",Drama,44,41,Clerc Sandiford,34,Clerc,Shaun
5,Hypocrites,Drama|Fantasy,29,94,Tobit Vella,73,Tobit,Lyndsie
59,"4th Floor, The",Thriller,74,95,Bev Jeanneau,46,Bev,Jeanette
65,America: Imagine the World Without Her,Documentary,78,52,Averill Carvell,40,Averill,Lorilyn
85,Winter's Tale,Drama|Fantasy|Mystery,24,71,Siffre Karlolczak,43,Siffre,Theresa
72,"Lizzie McGuire Movie, The",Children|Comedy|Romance,60,62,Harland Upson,18,Harland,Devan
12,Please Give,Comedy|Drama,94,29,Mallory Tysall,80,Mallory,Kerri
93,Goya's Ghosts,Drama,65,89,Rory Bourdon,55,Rory,Rozina
68,Peter Pan,Action|Adventure|Children|Fantasy,24,35,Wait Gauvin,18,Wait,Colene
40,Crimson Gold (Talaye sorgh),Drama,41,78,Burch Gandy,93,Burch,Dallas
61,"Life Before Her Eyes, The",Drama|Thriller,81,52,Agosto Evitt,56,Agosto,Georgette
99,Matinee,Comedy|Drama,76,70,Elvyn Thynne,35,Elvyn,Jeannette
43,None But the Brave,Drama|War,24,6,Abrahan Samwayes,21,Abrahan,Lorraine
26,Airbag,Action|Comedy|Crime|Thriller,6,85,Todd Polycote,61,Todd,Allyn
94,Sofia's Last Ambulance (Poslednaka lineika na Sofia),Documentary,73,17,Bordy Beggi,36,Bordy,Sarajane
58,The Thirteen Assassins,Action|Adventure,18,32,Avrom Kiehl,81,Avrom,Brina
58,Chillers,Horror,36,93,Barde Cassedy,86,Barde,Berget
10,Vendetta,Action|Crime,34,79,Hymie Marchington,8,Hymie,Rachele
30,Taxi 3,Action|Comedy,1,66,Patsy Cawsby,8,Patsy,Calli
56,Lunopolis,Sci-Fi,56,34,Maxim Bushell,60,Maxim,Tessi
77,Hannah Montana: The Movie,Comedy|Drama|Musical|Romance,18,99,Morly Langlois,87,Morly,Dorolisa
26,Angela,Drama,30,81,York Fellow,72,York,Janessa
37,"Eel, The (Unagi)",Drama|Romance,80,27,Brandtr Sleeny,96,Brandtr,Nat
9,Divine Trash,Documentary,98,11,Carl Bool,13,Carl,Eadie
3,Zabriskie Point,Drama|Romance,68,4,Harvey Grisedale,9,Harvey,Mandi
82,Red Psalm (Még kér a nép),Drama|Musical|War,92,56,Korey Larchier,29,Korey,Antonia
26,Piccadilly,Crime|Drama,20,44,Marlin Refford,28,Marlin,Leontyne
5,Liberty,Comedy,15,98,Noam Rapier,80,Noam,Kimberli
88,Dead & Breakfast,Comedy|Horror|Musical,98,15,Tucker Kear,13,Tucker,Hedwiga
43,Asoka (Ashoka the Great),Action|Drama|Romance,49,60,Egor Midson,10,Egor,Shoshana
71,Hawks and Sparrows (Uccellacci e Uccellini),Comedy,82,68,Pembroke Eilhertsen,9,Pembroke,Mil
35,Paper Moon,Comedy|Crime|Drama,38,7,Shurlock Moisey,72,Shurlock,Elmira
7,Bikini Summer III - South Beach Heat,Comedy,10,70,Whitney Organ,96,Whitney,Hertha
88,The Mad Magician,Horror|Mystery|Thriller,35,29,Morrie Comellini,22,Morrie,Eleen
53,Barabbas,Drama,1,96,Donalt Gaine,41,Donalt,Hilda
64,Generation Kill,Drama|War,11,56,Gaston Gareisr,6,Gaston,Betteanne
92,Delta Force 2 (Delta Force 2: The Colombian Connection),Action|Adventure|Thriller|War,100,59,Robbert Bricket,80,Robbert,Therine
88,Saving Silverman (Evil Woman),Comedy|Romance,96,71,Daren Trunby,96,Daren,Judi
14,Côte d'Azur (Crustacés et coquillages),Comedy|Musical|Romance,50,91,Paddie Wipfler,7,Paddie,Jobie
46,"Bo Burnham: Words, Words, Words",Comedy,66,58,Byrle Neame,62,Byrle,Iolande
91,Secret Beyond the Door,Drama|Film-Noir|Mystery|Thriller,48,79,Godfree Fruchter,93,Godfree,Alta
81,"Dalton, Les",Comedy|Western,30,4,Bobbie Train,16,Bobbie,Fallon
90,Now!,Documentary,54,8,Granger Jowsey,22,Granger,Ashlen
53,"Greatest, The",Drama,94,31,Whitney Westney,20,Whitney,Diann
7,From Dusk Till Dawn 3: The Hangman's Daughter,Horror|Thriller|Western,3,7,Dalli Cosbey,45,Dalli,Terry
18,Made of Honor,Comedy|Romance,18,14,D'arcy Cornil,28,D'arcy,Erinn
31,Cochochi,Drama,55,40,Chadwick Tiebe,84,Chadwick,Cassandre
92,Diving In,Comedy|Drama,92,18,Trey Thickens,66,Trey,Valli
46,Varan the Unbelievable,Action|Drama|Sci-Fi,71,56,Enos Gaskal,11,Enos,Hayley
67,Leviathan,Documentary,75,15,Hasheem Fosten,6,Hasheem,Brett
72,"Sea Wolf, The",Adventure|Drama,30,58,Orion Flegg,31,Orion,Erina
13,Submarino,Drama,54,40,Buddie Mattioni,22,Buddie,Kathye
91,Because I Said So,Comedy|Drama|Romance,36,73,Garold MacKenzie,73,Garold,Kandy
48,"Craigslist Killer, The ",Crime|Drama|Thriller,11,13,Tammie Imlock,36,Tammie,Flore
90,12 Days of Terror,Drama|Horror|Thriller,2,36,Kipp Batram,22,Kipp,Fianna
95,Trancers II,Action|Sci-Fi,64,25,Francklyn Salandino,67,Francklyn,Sandi
99,In the Cut,Crime|Drama|Mystery|Romance|Thriller,40,49,Dolph Lilburn,20,Dolph,Fanny
48,Children Underground,Documentary,9,34,Rowen Whetnall,8,Rowen,Gwen
69,After the Reconciliation (Après la réconciliation),Drama,7,22,Urbain Beaufoy,94,Urbain,Sibeal
33,12:01 PM,Sci-Fi,27,87,Jermayne Dressel,35,Jermayne,Rozalin
51,I Shot Andy Warhol,Drama,82,57,Wolfie Boylund,13,Wolfie,Cherilynn
37,Homegrown,Comedy|Thriller,96,22,Mord Kenealy,48,Mord,Maura
74,Acts of Worship ,Drama,62,64,Adrian Jerdon,52,Adrian,Ninette
36,Donald Glover: Weirdo,Comedy,65,98,Mohammed Sterman,7,Mohammed,Kirsten
10,Project X,Comedy|Drama,34,56,Ilaire Puleston,27,Ilaire,Jolyn
48,Somersault,Drama,86,99,Garvin Fraschetti,94,Garvin,Annelise
36,"Incredible Hulk Returns, The",Action|Adventure|Drama|Sci-Fi,52,30,Webster Stanbrooke,31,Webster,Nalani
55,"Signal, The",Sci-Fi|Thriller,33,1,Derward Constantine,38,Derward,Coraline
85,Parasite,Horror|Sci-Fi,18,1,Erin Gyorgy,35,Erin,Mariana
59,"Masquerade (Gwanghai, Wangyidoen namja)",Drama,86,92,Gradeigh Bumphrey,82,Gradeigh,Antonietta
81,Chasers,Comedy,23,49,Ximenes Brazenor,61,Ximenes,Meridel
94,Michael the Brave (Mihai Viteazul),Action|Drama,79,83,Bailey Ingolotti,10,Bailey,Ebony
66,Feast of All Saints,Drama|Romance,37,63,Rowney Garlette,96,Rowney,Leanora
50,Fireproof,Drama|Romance,45,78,Meyer Sanz,7,Meyer,Marcy
95,To Cross the Rubicon,Drama,94,83,Salomon Archell,68,Salomon,Marybeth
15,Planes,Adventure|Animation|Comedy,86,21,Joaquin Gonet,72,Joaquin,Idelle
17,Ruby Red,Adventure|Children|Fantasy|Sci-Fi,82,64,Skippie Gladden,96,Skippie,Inna
59,"Most Wanted Man, A",Thriller,34,37,Sheffie Kidstone,76,Sheffie,Blakeley
45,Transformers: Revenge of the Fallen,Action|Adventure|Sci-Fi|IMAX,85,40,Dominik Scholler,78,Dominik,Dulcine
73,Lover Come Back,Comedy|Romance,79,17,Kent Moubray,19,Kent,Sean
94,Alias Betty (Betty Fisher et autres histoires),Crime|Drama,42,44,Guglielmo Barenski,31,Guglielmo,Miguelita
15,"Dark, The",Horror|Mystery|Thriller,25,87,Bail Kenderdine,35,Bail,Courtney
70,Cabin Fever: Patient Zero,Horror|Sci-Fi|Thriller,85,92,Antonius Danielsky,31,Antonius,Brunhilda
83,Return to Lonesome Dove,Drama|Western,72,98,Alf Makeswell,66,Alf,Emogene
75,From the Orient with Fury,Action|Adventure|Comedy,8,98,Welch Sleep,50,Welch,Jaquenetta
90,Chinese Take-Out (Chinese Take-Away) (Un cuento chino),Comedy,71,32,Tull Maiden,21,Tull,Kristi
54,Road to Bali,Comedy|Musical,71,55,Preston Lindemann,74,Preston,Felicity
67,Road Trip,Comedy,89,4,Bartholomeo O'Brallaghan,35,Bartholomeo,Auroora
45,"Mystery of Picasso, The (Le mystère Picasso)",Documentary,45,87,Vlad Prest,22,Vlad,Salaidh
65,Wedding Bell Blues,Comedy,91,87,Nevins Trim,38,Nevins,Franciska
22,Blue Thunder,Action|Crime|Drama,34,35,Abbott Shelf,20,Abbott,Lucretia
19,A Fugitive from the Past,Crime|Drama|Mystery,49,74,Brand Glading,21,Brand,Adara
4,"Walk on the Moon, A",Drama|Romance,41,47,Giustino Do Rosario,43,Giustino,Noni
46,El Lobo,Thriller,47,60,Errol Suthworth,85,Errol,Wendy
23,Flowers in the Attic,Drama|Thriller,68,7,Evered MacRinn,33,Evered,Binni
3,"Time for Drunken Horses, A (Zamani barayé masti asbha)",Drama,72,1,Tan Allans,79,Tan,Alice
78,Doctor Who,Adventure|Sci-Fi,97,85,Briant Skeermer,41,Briant,Maybelle
77,Youth of the Son,Drama,50,6,Whitney Peris,49,Whitney,Pavla
15,Farce of the Penguins,Comedy,14,69,Ben Olanda,4,Ben,Samaria
76,Andy Hardy Meets Debutante,Comedy|Romance,80,60,Kinsley Edens,22,Kinsley,Alysa
86,Beginning of the Great Revival (a.k.a. The Founding of a Party),Drama|IMAX,84,33,Lincoln Abrahim,74,Lincoln,Noelle
27,Jerry Maguire,Drama|Romance,77,87,Frans McClounan,92,Frans,Goldia
88,Pumpkinhead II: Blood Wings,Horror|Thriller,78,22,Myrvyn Beach,88,Myrvyn,Deeann
8,"Land Girls, The",Drama|War,87,25,Aluin Ciardo,3,Aluin,Jeniffer
8,Collateral Damage,Action|Thriller,54,91,Constantino Huebner,88,Constantino,Muriel
37,Moonrise,Drama|Film-Noir,59,37,Costa Tegler,31,Costa,Lyndy
37,"RKO Production 601: The Making of 'Kong, the Eighth Wonder of the World'",Documentary,52,89,Lucas Bister,59,Lucas,Caren
66,Another Man's Poison,Crime|Drama,84,74,Eduardo Sylvester,47,Eduardo,Sonja
74,Tomorrow We Move (Demain on déménage),Comedy,83,64,Saunder Curd,18,Saunder,Jessika
32,"Dangerous Lives of Altar Boys, The",Drama,56,48,Kristian Yeaman,64,Kristian,Brett
62,They Call Us Misfits (Dom kallar oss mods),Documentary,70,24,Hillel Ambrosi,52,Hillel,Doti
16,Matinée,Adventure|Comedy|Crime|Thriller,83,34,Rodrique Loncaster,44,Rodrique,Ede
85,From Beginning to End (Do Começo ao Fim),Drama|Romance,6,43,Isidoro Scotts,52,Isidoro,Ree
40,Running Scared,Action|Crime|Thriller,22,22,Giordano Oland,44,Giordano,Abby
