PROGRAM_ID,PROGRAM_NAME,PROGRAM_TYPE,PROGRAM_DATE,START_TIME,FINISH_TIME,TELECAST_TYPE,EXECUTOR_ID,VIEWERS,TRP
1680,Cherey,mastercard,08-Jun-2017,12:57 PM,11:06 PM,Briatt,1147,7252573,43
1688,Terza,laser,20-Mar-2017,11:47 AM,6:19 AM,Pittock,3151,2909601,47
1661,Melisse,mastercard,16-Oct-2017,3:11 AM,2:32 PM,Pelzer,653,2312350,66
1913,Corinna,switch,11-Nov-2017,11:08 PM,3:50 PM,Towndrow,3929,4793073,77
1654,Giustina,jcb,12-Dec-2017,1:19 PM,2:38 PM,Alliband,3450,2663993,59
1564,Glynis,jcb,02-Jan-2018,8:29 AM,2:54 PM,Hardingham,4320,8621573,39
1583,Ernesta,mastercard,10-Jun-2017,6:51 AM,12:20 PM,Hansie,812,601062,67
1172,Nisse,diners-club-enroute,13-Apr-2017,10:15 PM,7:49 AM,Dunford,2390,614548,42
236,Sonnie,maestro,12-Apr-2017,7:30 PM,7:19 AM,Behr,1551,5879801,42
1456,Martha,jcb,27-Feb-2017,1:44 AM,3:12 PM,Rielly,1790,3112181,59
1414,Charlean,jcb,15-Apr-2017,6:41 PM,12:36 AM,Scholefield,2685,8735209,50
1178,Sonja,maestro,25-Apr-2017,9:36 AM,2:14 PM,Frankis,3444,3917916,50
990,Jojo,diners-club-us-ca,24-Jul-2017,1:53 AM,4:30 PM,Hadgraft,3734,6581870,22
1948,Karoline,diners-club-enroute,17-Jun-2017,6:29 PM,11:40 PM,Loines,4469,8092096,24
1564,Layne,mastercard,15-Apr-2017,5:21 AM,3:10 PM,Antrack,4273,8821271,93
1179,Bella,china-unionpay,25-Sep-2017,9:59 PM,6:02 AM,Deans,1862,2175698,77
454,Corrina,jcb,23-Oct-2017,8:27 PM,2:39 PM,Hallt,296,1597506,28
109,Livvy,diners-club-carte-blanche,20-Dec-2017,2:15 AM,10:22 PM,Poskitt,386,3777389,40
375,Tonye,diners-club-enroute,22-Apr-2017,11:33 AM,11:55 AM,Karpov,2671,9860075,57
1060,Cher,bankcard,24-Nov-2017,3:05 PM,4:21 PM,Oscroft,3835,7965620,53
1370,Margot,jcb,01-May-2017,11:38 AM,6:41 AM,Clulee,1836,6164524,59
788,Amalita,jcb,03-Jun-2017,9:49 PM,12:12 AM,Tolworthy,480,2085767,31
773,Violet,jcb,21-Feb-2017,6:10 AM,2:43 AM,Farnan,1459,3333216,71
201,Eadith,mastercard,29-Mar-2017,12:35 AM,1:38 AM,Huntress,2079,9922786,61
1137,Ardelis,diners-club-enroute,14-Jan-2017,12:36 PM,8:55 AM,Pharoah,594,9540588,25
1539,Lorilyn,mastercard,11-Nov-2017,6:15 AM,11:04 PM,Tarren,248,4183672,42
1724,Bambi,mastercard,18-Nov-2017,9:33 AM,10:32 AM,Tirkin,3178,4580413,69
1635,Anderea,maestro,10-Jul-2017,8:16 PM,10:21 AM,Skamal,1568,2998534,87
1370,Sheryl,maestro,09-Oct-2017,9:24 PM,3:36 AM,Hambatch,870,9948068,12
1276,Genia,diners-club-carte-blanche,14-May-2017,1:32 PM,3:21 AM,Forre,2870,1275272,85
1339,Kissiah,americanexpress,19-Jun-2017,2:13 PM,12:43 PM,Gepp,4646,8558254,17
1412,Franky,jcb,27-Oct-2017,10:08 AM,12:29 AM,Scintsbury,1581,8754790,90
1492,Arda,diners-club-enroute,23-Feb-2017,7:22 AM,6:23 PM,Crane,1189,5414621,69
1459,Lacie,china-unionpay,15-May-2017,9:54 PM,7:45 AM,Petric,1916,3669516,14
1648,Cassandry,americanexpress,20-Aug-2017,5:33 PM,1:40 PM,Hague,3913,9175073,99
1526,Frieda,diners-club-enroute,18-Nov-2017,6:31 PM,5:52 AM,Mathey,3016,1931639,48
847,Griselda,jcb,15-Apr-2017,7:17 PM,6:34 AM,Imlacke,1822,9476188,77
837,Candace,jcb,01-Apr-2017,6:58 PM,6:39 PM,Dackombe,2230,3772123,58
1710,Adi,jcb,11-Jul-2017,7:21 PM,11:36 PM,Oboy,3177,6332785,18
812,Gennifer,jcb,10-Jul-2017,2:36 AM,6:47 AM,Hierro,4688,9847359,52
490,Allissa,diners-club-carte-blanche,31-May-2017,10:47 PM,5:52 AM,Dudek,1694,6541717,69
1067,Maisie,jcb,21-Dec-2017,11:40 PM,10:16 PM,Clendennen,1495,7629703,34
1412,Sophie,instapayment,15-Jun-2017,9:31 AM,3:14 PM,Rafe,4485,5228752,12
1620,Simonne,maestro,09-Dec-2017,6:57 AM,2:28 AM,Lampart,3430,334675,50
1577,Romonda,diners-club-carte-blanche,17-Mar-2017,11:07 AM,5:53 AM,Mityushin,2543,1625654,71
569,Camala,jcb,01-Oct-2017,1:15 PM,10:58 PM,Westoll,4552,8374790,73
963,Lila,jcb,22-Mar-2017,8:26 AM,9:53 AM,Penley,2030,8665387,33
202,Cathie,switch,01-Dec-2017,10:01 AM,7:04 PM,Van Waadenburg,3890,9996758,58
361,Laure,switch,21-Dec-2017,4:09 PM,9:00 AM,Klaassens,1253,2359383,59
1222,Renate,jcb,14-Jul-2017,7:36 AM,1:54 PM,Belin,2741,7148676,34
1507,Starr,jcb,24-Apr-2017,2:07 AM,12:55 AM,MacLaren,1405,4459285,29
1554,Danny,bankcard,06-Oct-2017,4:20 AM,1:19 PM,Blaszczak,4080,5011795,45
342,Camille,jcb,25-Apr-2017,1:37 AM,7:38 PM,Mainds,1288,8964246,45
1513,Catherina,maestro,19-May-2017,5:14 AM,1:53 AM,Cooley,3804,9546083,98
522,Loralyn,jcb,12-Jul-2017,10:16 AM,5:22 PM,Cadge,4142,3105461,65
108,Ardis,jcb,07-Apr-2017,3:25 AM,8:26 PM,Kulas,4190,6590544,43
698,Deena,mastercard,23-Jan-2017,7:19 AM,2:09 PM,Spacy,4218,3431417,56
1304,Hope,jcb,28-Nov-2017,12:22 AM,5:17 PM,Hatry,1668,3856069,49
1150,Reggi,jcb,10-Dec-2017,1:05 AM,10:45 AM,Eyers,1520,1598357,97
1013,Bethanne,americanexpress,20-Nov-2017,6:12 PM,9:08 PM,Hansod,386,8268323,33
1991,Michel,jcb,29-Dec-2017,3:38 AM,1:44 PM,Colly,855,7126475,13
118,Dita,jcb,22-May-2017,2:21 AM,12:24 AM,Jarad,1978,2387008,43
1723,Vi,americanexpress,22-Dec-2017,12:22 AM,11:43 PM,Sayburn,1626,7730013,84
1028,Carine,jcb,12-Sep-2017,1:49 AM,1:26 PM,Haizelden,4302,6690913,38
1206,Adara,jcb,28-Apr-2017,10:41 PM,1:37 PM,Sonier,1606,6928868,86
1449,Franciska,jcb,30-Mar-2017,6:51 PM,4:20 AM,Trim,2561,3917004,19
1858,Aubrey,china-unionpay,19-Mar-2017,11:16 AM,4:38 AM,Andriessen,949,171521,55
1158,Micaela,jcb,06-Jun-2017,11:49 PM,12:07 PM,Petit,4629,2189791,70
1458,Robbin,maestro,06-Apr-2017,9:45 PM,5:10 AM,Sambals,2915,2025560,33
1689,Benni,mastercard,28-Feb-2017,12:57 PM,9:36 PM,Haskins,2648,5448144,42
560,Leslie,mastercard,21-Apr-2017,4:02 PM,1:51 AM,Christofor,1699,9484470,10
1417,Carline,visa,02-Dec-2017,11:26 PM,6:20 PM,Hallock,3955,4119095,14
1775,Cathleen,americanexpress,04-Apr-2017,7:15 AM,5:47 AM,Stribling,3608,767592,83
1862,Sidonnie,jcb,25-Sep-2017,3:16 AM,3:06 PM,Jump,1257,9116377,22
842,Indira,americanexpress,15-Jan-2017,1:34 PM,5:29 AM,Panchen,793,6956628,75
818,Henriette,switch,27-May-2017,3:46 AM,6:11 AM,MacPhaden,3254,6238079,95
804,Gertie,diners-club-enroute,11-Mar-2017,5:12 AM,1:28 PM,Liveley,2654,8122201,75
1659,Gretna,mastercard,11-Dec-2017,7:27 PM,9:53 PM,Godsmark,2282,1984873,45
1125,Jennica,switch,11-Aug-2017,11:16 AM,8:57 PM,Bradder,2420,5069008,28
298,Maureene,jcb,03-Oct-2017,5:49 AM,10:44 AM,Durnford,3574,691316,34
557,Ethel,diners-club-carte-blanche,16-Jul-2017,5:59 PM,5:17 AM,Pullen,929,6607901,96
1039,Hildagard,jcb,20-Feb-2017,5:20 AM,3:13 AM,Bradnum,2942,2397880,15
276,Orelie,diners-club-enroute,13-Mar-2017,4:46 PM,12:52 AM,Baudinot,2256,194107,36
201,Sher,jcb,10-Sep-2017,11:47 PM,10:19 AM,Bernakiewicz,499,6498351,14
945,Emilia,jcb,30-Oct-2017,10:14 PM,11:47 PM,Levesque,1270,7238602,58
1526,Carleen,jcb,10-Oct-2017,3:15 AM,10:49 PM,Jiri,4148,200731,17
893,Grazia,visa-electron,08-Jun-2017,11:58 AM,5:16 PM,Guys,817,4483658,52
1519,Mikaela,diners-club-enroute,22-Aug-2017,1:41 AM,11:39 PM,Soppit,562,3496777,98
1605,Filia,visa-electron,16-Jan-2017,8:17 AM,5:58 PM,Sleightholm,4351,2009589,16
474,Eileen,jcb,24-Aug-2017,8:13 PM,8:38 PM,Melhuish,1362,9476562,70
721,Tamara,china-unionpay,18-Dec-2017,1:46 AM,8:17 PM,Brecher,3467,3984384,41
1135,Gay,switch,18-Mar-2017,8:39 PM,2:32 AM,Sagrott,1128,2026890,68
521,Fayina,mastercard,14-Apr-2017,7:18 PM,4:56 PM,Beeze,3406,6737619,59
1577,Justina,jcb,17-Jun-2017,10:28 PM,11:25 AM,Robbey,2707,1217874,73
1278,Felicdad,visa,29-Apr-2017,6:10 PM,9:52 PM,Roiz,4284,9571754,89
248,Jilli,jcb,17-May-2017,6:09 PM,12:54 PM,Regglar,1628,848460,47
1390,Minne,visa-electron,12-Aug-2017,5:12 PM,10:40 AM,Vamplus,3368,8256857,22
1048,Stephine,jcb,08-Apr-2017,1:59 AM,3:29 PM,Ling,576,4545024,13
204,Merralee,visa-electron,04-Sep-2017,4:54 AM,2:47 PM,Frusher,1237,2386038,45
1387,Suzanne,jcb,17-Feb-2017,9:16 PM,5:13 AM,Campanelli,4104,9682961,54
1375,Barrie,visa-electron,05-Oct-2017,8:25 PM,1:38 AM,Plows,4835,2335174,77
173,Etty,switch,02-Feb-2017,4:33 AM,6:24 AM,Garrigan,425,8025514,49
1761,Martita,diners-club-carte-blanche,26-Mar-2017,5:05 AM,2:36 AM,Bock,3376,4345612,90
178,Cheryl,laser,18-Nov-2017,3:13 PM,4:51 AM,Larrington,1479,9179171,52
857,Lissi,jcb,03-Dec-2017,9:06 AM,7:08 AM,Bester,1278,8705055,80
1493,Delores,maestro,26-May-2017,9:52 PM,10:22 PM,Raye,3929,5589202,51
114,Dix,jcb,01-Aug-2017,12:21 AM,4:53 PM,Geertz,4025,5509344,68
1063,Florencia,maestro,01-Apr-2017,3:57 AM,2:04 PM,Bogeys,4987,8353939,28
381,Rubetta,jcb,05-Nov-2017,6:39 PM,8:03 PM,Crockford,1261,8446391,26
825,Shannon,diners-club-enroute,07-May-2017,6:48 AM,2:36 AM,Teaser,4815,229568,82
768,Melisent,instapayment,16-Jan-2017,4:48 AM,2:01 PM,Nix,2379,1145750,72
1366,Berna,jcb,09-Dec-2017,4:32 AM,4:58 PM,Englefield,4786,684955,36
1060,Tracie,mastercard,18-Dec-2017,10:10 AM,9:06 AM,Tumilty,2500,5923319,38
417,Jaime,jcb,05-Jan-2018,5:54 AM,11:50 PM,Drennan,2134,9420449,74
373,Beatriz,jcb,18-Sep-2017,4:24 AM,3:51 PM,Dewsnap,883,2932910,29
1331,Gerhardine,jcb,10-Feb-2017,4:26 PM,8:12 PM,Quare,4358,9143159,45
358,Celia,laser,29-Sep-2017,1:05 AM,8:34 PM,Kinrade,3309,233336,61
781,Aeriel,jcb,15-Oct-2017,5:15 PM,10:52 PM,Easton,1973,7596006,58
475,Adena,jcb,17-Nov-2017,11:28 PM,11:24 AM,Hartlebury,4282,2022668,74
171,Dorise,jcb,08-Mar-2017,8:55 AM,4:09 PM,Sissland,2281,1611391,47
727,Murielle,mastercard,12-Feb-2017,1:32 AM,1:41 AM,Chevalier,2860,8251272,67
848,Heida,jcb,13-Aug-2017,4:31 PM,5:50 PM,Surmeir,4861,9620993,62
891,Erinn,jcb,15-Jun-2017,2:42 PM,9:18 PM,Giacomasso,2182,4164214,74
1020,Theodosia,jcb,25-Feb-2017,4:27 PM,4:18 PM,Ecclestone,224,8782664,95
665,Donetta,diners-club-international,19-Jan-2017,2:44 PM,4:29 PM,Bromwich,2547,449684,18
940,Myriam,mastercard,25-Nov-2017,11:39 PM,2:30 PM,Bartlosz,1393,8302461,65
1319,Jewelle,jcb,20-May-2017,10:21 AM,1:31 AM,Gauch,3117,6906056,52
523,Portia,maestro,12-Jan-2017,3:37 PM,1:08 PM,Monsey,2665,4518739,46
1779,Brandais,maestro,05-Feb-2017,3:43 AM,6:27 PM,Hukin,4192,9787401,36
1576,Gypsy,jcb,30-Jan-2017,10:28 PM,3:16 AM,Woolland,4402,5679102,50
1758,Jemmy,americanexpress,01-Jul-2017,10:15 PM,6:38 PM,Tessyman,2710,3149272,28
1286,Timmie,switch,02-Jun-2017,8:42 PM,4:52 AM,Whillock,244,6488668,32
1302,Valentia,visa-electron,23-Jan-2017,10:41 PM,6:06 PM,Prettjohn,4210,8896093,39
181,Anita,china-unionpay,07-May-2017,1:52 PM,2:57 PM,Baylie,4390,1667367,21
1800,Monica,diners-club-enroute,13-Sep-2017,8:40 AM,8:48 AM,Masic,2833,3214435,58
1543,Marleen,jcb,08-Aug-2017,7:52 PM,10:30 PM,Roath,1614,9072179,87
1700,Clarabelle,jcb,25-Aug-2017,11:27 AM,1:07 AM,Colledge,797,1388330,65
1769,Jen,jcb,30-Mar-2017,10:15 PM,5:40 PM,De Bruyne,4144,9997632,48
356,Jacenta,jcb,28-Sep-2017,9:25 AM,8:22 AM,Tarr,2217,5992042,79
1293,Catlin,mastercard,06-Feb-2017,3:26 PM,10:21 AM,Baukham,4777,4941275,47
840,Britney,jcb,28-May-2017,7:42 AM,11:51 PM,Meardon,3556,1872895,61
899,Jacinthe,maestro,18-Feb-2017,2:43 PM,3:27 PM,Tooke,934,2071506,79
1512,Jasmina,jcb,20-Jun-2017,2:05 PM,6:03 PM,Erington,2530,3828875,82
568,Jackquelin,jcb,10-Mar-2017,11:38 PM,4:03 PM,Shortt,2525,8009716,70
1095,Nixie,jcb,24-Sep-2017,4:13 AM,8:02 AM,McCarthy,2778,8950745,76
1827,Hynda,china-unionpay,04-Dec-2017,6:58 PM,1:15 PM,Lindro,424,3164641,25
894,Toma,diners-club-carte-blanche,17-Nov-2017,2:57 PM,10:14 PM,Danielot,2160,7195613,72
938,April,jcb,05-Sep-2017,10:25 PM,2:30 PM,Emons,3592,1150628,27
1954,Horatia,mastercard,27-Jun-2017,12:52 PM,12:57 AM,Colliford,2536,5072102,44
1817,Max,switch,13-Oct-2017,3:18 PM,6:59 AM,Masterton,2850,9413715,79
1909,Sonny,jcb,29-May-2017,2:58 PM,9:22 AM,Aloshechkin,325,9741131,99
1806,De,mastercard,18-Dec-2017,7:43 AM,12:48 PM,Sumption,3857,5452257,62
795,Robinia,jcb,20-Jan-2017,11:56 PM,11:21 AM,Beggi,2494,7114022,73
463,Bobette,jcb,11-Dec-2017,8:53 PM,2:55 PM,Clara,1535,4889453,59
640,Blithe,jcb,22-Jan-2017,10:45 AM,10:01 AM,Yarnton,2910,6263405,49
576,Claudetta,switch,24-Apr-2017,7:49 PM,12:54 PM,Jerrand,3955,5887495,99
1850,Claude,diners-club-carte-blanche,07-Apr-2017,1:54 PM,11:03 PM,Wehnerr,4211,6287953,29
1475,Mercie,maestro,09-Jun-2017,2:15 AM,8:26 PM,Wearn,2246,1127443,92
964,Maurise,jcb,31-Mar-2017,5:16 PM,7:24 PM,Rumin,3162,6063642,62
301,Traci,instapayment,15-Jan-2017,8:46 AM,8:36 AM,Gunn,2707,9837574,10
923,Jacklin,mastercard,02-Mar-2017,7:30 AM,6:44 PM,Twatt,1859,4770692,98
1851,Roberta,diners-club-us-ca,11-Jan-2017,12:00 AM,3:49 AM,Sherman,4693,3319655,73
738,Annamarie,diners-club-carte-blanche,17-Jan-2017,10:13 PM,5:50 AM,Dargavel,1219,244235,43
481,Alecia,diners-club-enroute,16-Dec-2017,2:29 PM,2:06 PM,Armer,4536,4729415,87
1808,Margarette,maestro,27-Jan-2017,3:59 AM,8:37 AM,Pantin,3160,668281,77
335,Romona,jcb,17-Dec-2017,4:16 PM,3:05 AM,Hayhow,655,4759263,23
1969,Fidela,jcb,07-Mar-2017,7:25 AM,3:25 AM,Brimm,2082,2025095,24
115,Conny,jcb,26-Aug-2017,3:10 AM,10:56 AM,Simmgen,344,4420314,56
708,Celestia,visa,09-Dec-2017,10:35 AM,1:54 AM,Isitt,1708,3313500,18
1020,Kimmi,diners-club-carte-blanche,24-Sep-2017,10:46 AM,8:27 PM,Shaylor,714,3471440,29
379,Alfreda,china-unionpay,22-May-2017,3:54 AM,11:37 PM,Ciobutaru,1641,6185169,77
373,Noell,instapayment,30-Jun-2017,4:04 PM,7:25 PM,McCrillis,2419,770827,35
277,Gratia,jcb,08-Jun-2017,9:21 PM,1:52 AM,Giottoi,130,7952739,78
1720,Libbie,mastercard,19-Mar-2017,4:33 AM,9:52 PM,Le Grove,4845,9303521,46
1176,Roz,china-unionpay,11-Jun-2017,5:36 AM,1:32 PM,Murray,691,7344894,13
1496,Doris,diners-club-us-ca,02-Jun-2017,4:44 AM,10:05 PM,McCrory,4006,4458133,89
1012,Dahlia,mastercard,09-Mar-2017,5:38 PM,3:30 AM,Ollerearnshaw,2397,7891675,41
1815,Candie,visa,27-Nov-2017,5:23 AM,6:13 PM,Slade,4102,7609373,30
382,Kayley,americanexpress,16-Sep-2017,7:31 AM,5:02 AM,Stoller,2586,4980510,23
1596,Winne,jcb,10-Mar-2017,4:13 PM,8:11 AM,Eagles,2799,6788532,93
202,Nerta,laser,04-May-2017,10:24 AM,3:45 PM,Nutbeam,2246,3033401,25
1027,Drusy,visa,23-Dec-2017,9:20 AM,3:12 AM,Waples,1904,7752823,93
1662,Maighdiln,jcb,08-Sep-2017,12:07 AM,1:18 PM,McCumskay,2033,9824883,70
1221,Candra,jcb,26-Oct-2017,2:05 PM,11:56 PM,Scambler,3871,8678134,88
1245,Darcy,jcb,24-Mar-2017,2:22 AM,2:26 AM,Oldridge,4398,4876354,66
116,Becka,jcb,15-Jun-2017,2:48 AM,8:04 AM,Excell,517,7005011,99
111,Delphine,switch,22-Jan-2017,8:30 AM,7:44 AM,Bagshaw,3427,5274779,86
1201,Cally,mastercard,11-Jun-2017,5:38 PM,6:32 AM,Eldritt,4796,7891547,88
809,Lynnell,jcb,07-Jul-2017,2:11 PM,2:27 PM,Melia,3264,2376497,42
1007,Cindee,diners-club-carte-blanche,15-Feb-2017,10:45 AM,8:57 PM,Oleksiak,636,704386,89
439,Claudette,jcb,31-Dec-2017,9:32 AM,1:41 AM,Reames,2868,126063,27
443,Bette-ann,diners-club-carte-blanche,11-Apr-2017,5:16 PM,8:11 AM,Beiderbecke,546,9658588,78
668,Chickie,china-unionpay,20-Apr-2017,1:15 PM,10:31 PM,Charlewood,4576,5665290,98
195,Cristine,mastercard,01-Mar-2017,7:10 PM,8:29 PM,McCurtin,2450,2230797,55
1765,Blair,jcb,25-May-2017,12:59 AM,12:33 AM,O'Loghlen,4280,8755700,57
120,Martelle,diners-club-carte-blanche,17-Mar-2017,1:30 AM,9:49 AM,Delmage,4422,2901644,38
1434,Lurette,jcb,01-Dec-2017,9:25 PM,3:19 PM,Galia,2661,1170476,50
1065,Holly-anne,jcb,24-Nov-2017,8:25 AM,7:46 PM,Northen,3721,4852349,42
1388,Camel,china-unionpay,25-Mar-2017,10:56 AM,9:01 AM,Wallbridge,210,9545527,80
1993,Yetty,mastercard,24-Sep-2017,12:59 AM,3:09 AM,Wellbelove,2493,6835864,13
1735,Gaynor,jcb,20-May-2017,5:02 PM,12:48 PM,Severy,4558,8990073,30
178,Vita,jcb,21-Apr-2017,8:09 AM,8:51 PM,Grattan,3747,1819432,99
1702,Anastasia,jcb,19-Apr-2017,7:41 PM,8:55 AM,Lucey,3375,6065372,55
1568,Myrtle,maestro,23-Mar-2017,8:50 PM,9:29 AM,Channer,1190,6778846,34
785,Ericha,diners-club-enroute,02-Mar-2017,9:55 PM,12:57 PM,Hellen,3213,6788499,35
349,Stephi,bankcard,11-Nov-2017,7:59 PM,11:21 AM,Troak,4444,1544934,26
267,Dot,jcb,27-Sep-2017,4:43 AM,2:03 AM,Martinolli,3732,2089647,54
681,Marthe,visa,23-May-2017,12:37 PM,2:10 PM,Nelthorp,4873,5250513,71
1864,Irene,switch,05-Aug-2017,6:32 PM,1:25 PM,Purser,4410,5963645,74
1185,Gleda,jcb,09-Nov-2017,8:59 PM,9:00 PM,Gregon,3607,834309,99
213,Cassandre,switch,05-Aug-2017,2:26 PM,1:05 AM,Clilverd,935,8468445,27
1356,Alejandra,maestro,10-Jun-2017,7:09 PM,7:56 PM,Cuardall,1964,9517148,93
566,Sashenka,visa,29-Oct-2017,7:20 PM,2:29 AM,Scutchings,4670,7569506,53
704,Claudia,diners-club-enroute,13-Dec-2017,6:41 PM,9:00 PM,Beyer,3668,4704903,65
449,Rachele,jcb,25-Jun-2017,3:55 PM,12:27 PM,Lukins,3259,1397945,77
406,Maryanne,jcb,27-Jul-2017,8:43 AM,2:42 AM,MacRinn,896,305129,13
697,Tobey,jcb,23-Mar-2017,5:39 PM,4:21 AM,Champ,3230,7830216,14
257,Adrian,jcb,17-Oct-2017,5:17 PM,8:09 PM,Sellan,1787,9212497,39
1273,Brear,jcb,31-Oct-2017,5:22 AM,11:50 PM,Gregoretti,623,1235288,15
365,Georgina,jcb,30-Nov-2017,10:42 PM,2:55 AM,Maytom,3369,7767028,29
1787,Yoko,maestro,13-Nov-2017,5:06 PM,5:40 AM,Dockray,3416,5141054,25
1212,Lynnet,china-unionpay,28-Feb-2017,11:22 PM,4:18 PM,But,1734,8224128,15
1534,Deana,jcb,20-Oct-2017,1:38 AM,4:12 PM,Stellin,4247,119393,10
693,Celle,jcb,29-Oct-2017,4:18 AM,4:18 AM,Bach,2423,3676106,33
1345,Karisa,bankcard,20-Aug-2017,6:13 PM,12:51 AM,Cabrales,2859,6500231,70
1129,Jeanie,jcb,26-Dec-2017,10:01 PM,6:51 AM,Hallums,2651,2042218,10
1077,Pandora,jcb,26-Oct-2017,12:40 AM,7:06 AM,Yeiles,1809,2250439,80
523,Patty,jcb,12-Dec-2017,9:01 AM,7:11 PM,Kendle,3012,1781844,96
267,Roxy,jcb,02-Jul-2017,8:27 AM,1:15 AM,Vasiljevic,165,5929124,64
310,Pansy,jcb,04-Sep-2017,12:01 PM,8:37 AM,Derham,1937,3599994,11
889,Sybila,visa-electron,26-Feb-2017,3:34 PM,9:53 PM,Buckney,1336,5764744,22
1412,Gussie,solo,27-Mar-2017,10:45 AM,10:47 AM,Ccomini,372,1253144,55
1132,Jacqueline,diners-club-carte-blanche,05-Jun-2017,7:46 AM,9:11 PM,Awton,369,8686755,81
569,Patrice,americanexpress,24-Aug-2017,4:25 AM,10:55 AM,Cremins,3834,9475064,85
490,Martelle,jcb,10-May-2017,1:43 AM,5:02 AM,Blackwell,3477,9757550,66
705,Issi,jcb,04-Aug-2017,1:12 AM,5:19 AM,Fletham,1885,9656891,55
213,Rachel,visa-electron,15-May-2017,4:45 AM,12:56 AM,MacMeanma,3507,3317218,15
1559,Rhodie,switch,21-Dec-2017,5:05 AM,11:31 PM,Sadry,4766,6668175,76
1652,Legra,jcb,23-Nov-2017,10:37 PM,7:57 AM,Roads,3648,5545866,95
1012,Charline,diners-club-enroute,22-Jun-2017,2:59 PM,3:39 PM,Hume,3400,943958,91
1995,Dedra,maestro,15-Jul-2017,12:07 PM,11:53 PM,Braga,519,2099330,32
848,Ezmeralda,jcb,04-May-2017,9:06 PM,9:18 AM,Marco,1714,9527357,54
894,Alyse,diners-club-carte-blanche,18-Oct-2017,11:11 PM,12:35 PM,O'Halligan,3117,7764594,70
1805,Johnna,jcb,01-Nov-2017,12:37 AM,4:52 PM,Cowen,696,5304294,32
648,Linn,bankcard,14-Feb-2017,2:11 PM,7:38 PM,Bulfoot,1246,204075,45
1557,Kandace,jcb,25-Nov-2017,7:11 PM,3:30 PM,Nealon,1913,5661086,68
591,Bernadina,jcb,06-Nov-2017,4:07 AM,1:19 PM,Metcalfe,4348,7961014,40
1725,Wynny,diners-club-us-ca,26-Aug-2017,7:37 PM,9:15 PM,Liggons,4221,1513320,89
724,Gale,maestro,01-Feb-2017,11:38 PM,2:30 AM,McBrearty,203,2620365,62
841,Helenelizabeth,jcb,25-Apr-2017,3:20 PM,6:55 AM,Gammade,4280,229369,67
1388,Winnah,diners-club-enroute,08-Nov-2017,10:17 PM,5:18 AM,Sisneros,1034,9181456,66
395,Annetta,jcb,20-Apr-2017,12:34 PM,8:56 PM,Di Giorgio,2053,1230790,22
737,Felipa,jcb,06-Dec-2017,3:54 AM,6:19 PM,Alves,3133,2717578,65
602,Bobine,diners-club-enroute,02-Aug-2017,5:59 AM,1:17 AM,Bonick,852,7798441,17
636,Kasey,solo,28-Feb-2017,12:54 AM,2:40 AM,Bryenton,786,9457909,64
472,Pauletta,visa,23-Dec-2017,6:27 AM,4:30 AM,Ruddom,2235,7964184,26
1895,Oralle,diners-club-carte-blanche,01-Jan-2018,2:39 AM,12:11 PM,Barwis,4005,5933039,70
1563,Clovis,jcb,17-Dec-2017,4:43 PM,4:48 PM,Bibey,3889,200004,64
813,Elie,china-unionpay,21-Jan-2017,2:13 PM,8:24 AM,Towersey,1671,3130523,13
1126,Bettina,jcb,08-Jun-2017,5:09 PM,11:35 AM,Govini,1562,3313889,44
1281,Beth,maestro,20-Nov-2017,6:41 AM,1:34 PM,Cruz,634,6495092,78
913,Trudi,laser,03-Feb-2017,2:20 AM,5:00 AM,Hutt,3004,8211433,66
1143,Yetty,jcb,12-Mar-2017,11:57 AM,7:52 PM,Ablett,2954,7667289,65
1825,Joelynn,switch,18-Dec-2017,7:39 AM,11:27 PM,Brayn,3699,3127973,47
1688,Amberly,mastercard,14-Dec-2017,4:28 AM,7:31 PM,Kerins,1685,339525,68
545,Jean,mastercard,22-Dec-2017,12:08 AM,9:07 AM,Conring,1957,7827340,98
1466,Hazel,jcb,23-Apr-2017,2:02 PM,12:07 PM,Durran,4664,7284478,50
1070,Desdemona,americanexpress,29-Dec-2017,12:00 AM,11:14 AM,Dalston,3159,4924388,67
1370,Lonee,bankcard,25-Oct-2017,7:30 AM,4:37 AM,Girling,1979,3600598,72
661,Corliss,jcb,01-Aug-2017,12:19 PM,10:28 PM,Kensy,4684,9075505,61
856,Trudi,americanexpress,22-Oct-2017,4:15 PM,10:20 AM,Creany,1809,9583801,49
1547,Carlye,diners-club-enroute,16-Mar-2017,6:58 PM,8:22 PM,Bexley,3775,120713,35
920,Reena,jcb,07-Aug-2017,12:53 AM,9:38 AM,Simkovich,1984,1626875,34
308,Hyacinthia,jcb,10-Mar-2017,8:04 PM,3:36 PM,McQueen,2332,4898935,11
1186,Arlyne,diners-club-carte-blanche,27-Aug-2017,9:29 PM,5:13 PM,Dignall,1059,7347006,81
1145,Avie,maestro,02-Feb-2017,8:54 PM,5:05 AM,Beasleigh,264,2182132,78
1996,Ira,jcb,18-Jul-2017,11:06 AM,2:16 AM,Pottery,505,1030590,34
784,Laurice,jcb,07-Nov-2017,8:53 PM,6:28 PM,Kennermann,3584,681374,36
1186,Atlanta,instapayment,10-Dec-2017,2:26 AM,12:57 PM,Assinder,808,8159089,39
1247,Kerrin,jcb,28-Feb-2017,12:13 AM,3:27 PM,Lissimore,2173,6672031,52
254,Gilbertina,jcb,28-May-2017,8:40 AM,5:05 PM,Quakley,582,1423595,50
606,Enriqueta,jcb,29-Dec-2017,11:17 AM,5:02 AM,Woolmore,509,1944072,42
817,Virgina,bankcard,15-Dec-2017,8:23 PM,4:54 AM,Swadon,2819,905836,34
1877,Melitta,jcb,09-Apr-2017,4:03 PM,8:24 PM,MacGall,287,5826172,58
879,Joyan,jcb,29-Apr-2017,10:41 AM,12:29 AM,Downham,609,3167970,20
1250,Henrieta,americanexpress,17-Aug-2017,3:49 AM,10:49 AM,Lavarack,1505,3238066,31
1698,Jennine,diners-club-enroute,03-Jul-2017,6:21 AM,8:40 PM,Cesconi,2545,6643167,15
1787,Gladi,jcb,07-Dec-2017,4:36 AM,12:53 AM,Oleksinski,1360,8984861,18
1748,Caresse,jcb,30-Apr-2017,12:06 AM,7:17 AM,Chasemore,3076,904769,40
487,Joelynn,diners-club-enroute,27-Apr-2017,3:42 PM,4:04 AM,Mc Curlye,1812,5435134,34
1685,Quentin,maestro,25-Mar-2017,11:30 PM,1:36 AM,Klemmt,252,8386396,38
1730,Lilith,jcb,13-Jul-2017,3:51 PM,11:32 AM,Coulbeck,3799,6046413,25
410,Merrily,jcb,14-Dec-2017,6:30 PM,10:14 PM,Benaine,673,5905525,56
1064,Mella,jcb,09-Dec-2017,5:38 AM,9:06 PM,Menear,1237,3833063,34
918,Sandye,jcb,21-Oct-2017,3:44 PM,3:03 AM,McMains,1374,8904078,70
1634,Daisy,jcb,15-Feb-2017,11:54 PM,5:28 AM,Wooderson,1775,1780288,53
888,Juliet,visa-electron,04-Jan-2018,2:01 PM,11:28 AM,Pym,2517,2472600,65
1309,Camile,diners-club-us-ca,25-Dec-2017,11:21 PM,12:55 AM,Lashley,2309,7988559,21
1822,Sapphire,mastercard,24-Feb-2017,5:49 PM,2:54 PM,Buckerfield,4380,9202095,36
1175,Fayette,jcb,31-Oct-2017,3:39 PM,3:12 PM,Rounds,788,7165967,55
107,Elisa,visa-electron,17-Jul-2017,2:09 AM,8:46 PM,Eymor,2527,5485387,85
1299,Teddi,visa,28-Dec-2017,4:06 PM,6:40 AM,Coulthard,2758,1797807,82
274,Nadia,visa,27-Feb-2017,6:51 PM,1:37 PM,Mitcheson,3394,5740679,43
723,Shanie,jcb,09-May-2017,8:08 PM,1:24 AM,Gregorin,3586,447226,49
1353,Arline,jcb,06-Jun-2017,6:31 PM,10:19 PM,Bockmann,3451,4656733,72
485,Georgena,jcb,18-Feb-2017,12:31 PM,4:16 PM,Gainfort,408,4607373,77
1460,Miguela,americanexpress,18-Feb-2017,2:28 PM,3:50 AM,Breton,3326,9723310,92
223,Rosene,bankcard,14-Jul-2017,5:34 PM,1:13 PM,Hatfield,3330,8992242,97
902,Maurine,americanexpress,25-Sep-2017,7:36 AM,3:12 AM,Douberday,2588,1367275,20
1018,Gizela,bankcard,12-Aug-2017,1:36 AM,9:56 AM,Maybury,4642,423444,93
1305,Emeline,jcb,23-Jan-2017,10:19 PM,5:24 PM,Sellek,4467,6526450,28
1510,Annabelle,mastercard,18-Mar-2017,1:19 PM,12:17 PM,Halbeard,4623,8035723,61
1296,Linet,jcb,22-May-2017,4:11 AM,9:00 AM,Shropshire,2222,7564906,72
392,Lenee,switch,03-Apr-2017,11:29 PM,7:45 AM,Le Houx,3269,4895288,29
1125,Deane,diners-club-enroute,28-Dec-2017,2:08 PM,6:01 AM,Wynrehame,1352,5819274,94
359,Antonina,jcb,28-May-2017,8:38 AM,9:07 PM,Giacomozzo,4001,4386013,62
332,Gustie,diners-club-carte-blanche,02-Nov-2017,8:49 AM,11:23 AM,Savil,4940,8622700,29
1977,Abigael,jcb,08-Sep-2017,10:24 PM,10:54 PM,Altofts,2016,5620950,97
1056,Rosella,switch,13-Jun-2017,3:01 AM,12:45 PM,Berggren,4748,1476849,74
1377,Ammamaria,jcb,28-Jan-2017,2:15 PM,3:45 AM,Swaffer,2041,3938448,44
972,Thomasa,switch,16-Feb-2017,2:09 PM,2:56 AM,Gorce,1462,3387342,37
1182,Randene,switch,05-Sep-2017,4:33 AM,1:23 PM,Andreazzi,3929,4107544,44
905,Denyse,jcb,10-Mar-2017,9:49 AM,9:23 AM,Gerardot,2030,4152148,79
1964,Hildagarde,jcb,16-Nov-2017,8:39 PM,4:22 PM,McIlmorow,1564,2493745,91
1256,Kora,jcb,26-May-2017,5:27 PM,2:08 AM,Jardein,3008,9989032,42
1191,Candice,jcb,29-Mar-2017,3:18 AM,6:25 PM,Swan,4305,1704535,39
182,Gilemette,bankcard,06-Apr-2017,3:46 PM,12:46 AM,Zanetto,1280,1224106,75
420,Crista,jcb,25-Aug-2017,5:22 PM,5:16 PM,Mewe,1083,39072,63
1788,Jermaine,diners-club-enroute,19-Apr-2017,9:40 PM,10:06 PM,Leckey,2574,28664,10
1873,Stevena,jcb,23-Apr-2017,6:59 PM,2:22 AM,Jarley,4083,4726767,72
1457,Bernadina,instapayment,26-Mar-2017,3:32 AM,11:45 PM,Dupre,1076,1750475,96
363,Jehanna,laser,04-Feb-2017,5:18 PM,11:51 AM,Infante,4907,65079,48
1260,Rafaelia,china-unionpay,23-Dec-2017,8:28 AM,12:36 AM,Kittow,2376,6998162,33
1635,Sherilyn,laser,08-May-2017,10:22 PM,11:41 PM,Gilhespy,4797,8457871,40
1064,Juliette,americanexpress,27-Dec-2017,11:08 AM,9:33 PM,Garms,2999,8456201,41
1970,Terri-jo,china-unionpay,24-Jun-2017,6:35 PM,7:10 PM,Coggell,3750,7788073,71
1240,Karel,diners-club-enroute,03-Aug-2017,1:44 AM,9:57 AM,Winspire,1683,2789018,75
214,Agneta,switch,05-Mar-2017,2:35 AM,8:47 AM,Werrett,3963,7207456,80
514,Dorice,switch,23-Apr-2017,9:40 AM,7:51 AM,Bisiker,1752,1394867,59
205,Gianina,visa-electron,22-Apr-2017,7:57 AM,4:41 PM,Reeday,4361,614449,54
1247,Vivien,china-unionpay,10-Sep-2017,7:11 PM,8:45 PM,Klugel,3841,1449556,62
622,Isidora,visa,08-Dec-2017,2:06 PM,7:23 PM,Buntin,4695,343500,81
241,Laetitia,bankcard,03-Dec-2017,12:43 PM,1:31 PM,Crowhurst,4123,4653354,67
1975,Fey,switch,13-Jun-2017,10:50 AM,11:46 PM,Keasley,1544,2759779,54
898,Vilhelmina,jcb,25-Nov-2017,1:32 PM,5:01 AM,Aleksahkin,558,6186772,50
1106,Shani,diners-club-us-ca,28-May-2017,2:26 AM,11:35 PM,Tremmil,3427,1988653,40
753,Teresina,mastercard,10-Oct-2017,2:48 AM,10:47 PM,Routham,4866,1921032,12
1824,Kikelia,maestro,19-Jun-2017,7:02 AM,1:50 PM,Vice,3350,7187261,63
834,Cathie,laser,12-May-2017,4:28 PM,4:23 AM,Godbert,3731,92800,46
785,Ricca,jcb,27-Sep-2017,10:08 PM,4:44 AM,Petkovic,242,4452367,21
1545,Myranda,jcb,28-Jun-2017,7:29 PM,2:32 AM,Willman,2225,2497180,53
374,Carmen,americanexpress,20-Nov-2017,10:23 AM,2:43 PM,Lambertson,4737,1519232,72
1417,Katherine,diners-club-international,23-Jan-2017,10:19 AM,7:05 PM,Miles,4656,3742729,42
1073,Dominica,laser,25-Feb-2017,12:03 AM,12:25 PM,Eisikowitz,2910,9230867,25
1486,Brier,instapayment,18-Jun-2017,2:09 AM,2:41 PM,Coping,769,4300275,41
1272,Allis,visa,18-Dec-2017,4:47 PM,4:40 PM,Navaro,718,26251,60
954,Ediva,jcb,13-May-2017,12:51 AM,3:01 AM,Gothup,4878,9477610,73
1423,Gladi,diners-club-enroute,03-Feb-2017,8:53 AM,3:23 PM,Durrad,3749,9760283,33
251,Enrika,jcb,30-Jul-2017,7:10 AM,3:54 PM,Cartmail,4799,7278844,65
1927,Gwennie,maestro,23-Sep-2017,6:26 AM,9:45 AM,Hamprecht,4613,5971998,41
1610,Corny,jcb,12-Dec-2017,12:03 PM,12:41 PM,Shearwood,4571,1467047,56
1937,Nara,americanexpress,11-Jan-2017,4:28 PM,12:50 PM,McKeveney,4430,4131370,90
1280,Cicely,jcb,27-Oct-2017,2:31 PM,8:27 AM,Seifenmacher,4622,3479835,98
220,Holly-anne,diners-club-carte-blanche,12-Jan-2017,1:28 PM,11:58 AM,Bierman,908,3513313,15
104,Tildie,jcb,08-Nov-2017,8:17 PM,8:43 PM,MacQueen,360,2457498,89
244,Bonita,maestro,24-Jan-2017,8:07 AM,11:25 PM,Conklin,2267,7131726,83
1770,Cati,laser,15-Feb-2017,9:35 PM,11:32 AM,Howlett,1195,4721773,85
1475,Alejandrina,jcb,31-Dec-2017,11:12 AM,1:28 PM,Wiggall,1149,3343462,83
286,Michal,jcb,02-Apr-2017,5:52 AM,9:32 AM,Cahalan,558,3208803,69
1158,Juliette,mastercard,16-Aug-2017,7:23 PM,10:47 AM,Ajean,3936,6793294,57
1898,Sarina,switch,20-Oct-2017,10:33 AM,4:21 AM,Leipoldt,3208,6684550,42
658,Valeda,jcb,19-Apr-2017,10:00 PM,2:12 PM,Lamplugh,4572,9379738,99
1720,Freddy,bankcard,18-Jul-2017,12:29 AM,2:38 AM,Heustice,2103,3171714,81
682,Karola,diners-club-carte-blanche,03-Dec-2017,6:23 AM,9:52 PM,Cicchillo,4681,1905105,11
301,Caye,laser,03-Sep-2017,11:39 AM,12:08 PM,Morigan,4444,671379,28
488,Erika,jcb,12-Nov-2017,5:08 AM,10:40 AM,Pashler,975,6217361,60
101,Abra,maestro,26-Jun-2017,6:20 PM,9:31 AM,Thecham,4825,3203499,27
1348,Filia,jcb,28-Sep-2017,6:29 PM,2:14 PM,Toupe,1321,1131187,14
154,Nalani,jcb,03-Jun-2017,12:48 PM,11:58 PM,Maffioni,656,6905686,88
1115,Meryl,laser,14-Mar-2017,5:41 AM,8:46 AM,McPeck,2782,4852118,62
707,Lona,visa-electron,10-Aug-2017,5:40 PM,8:35 PM,Urling,1228,2127886,80
174,Evy,jcb,13-Aug-2017,11:17 AM,3:45 AM,Reinert,901,6937455,82
1363,Lyndsie,jcb,24-Jun-2017,6:35 AM,2:55 PM,Robun,505,4350634,36
249,Ania,jcb,27-May-2017,7:27 PM,11:54 PM,Joanic,2638,8509243,87
1269,Hayley,diners-club-enroute,05-Jan-2018,7:01 PM,8:28 PM,Slateford,258,5173986,20
389,Magdalene,jcb,03-Aug-2017,8:31 PM,3:03 PM,Braker,735,7211396,82
1860,Lira,jcb,06-Jul-2017,12:43 PM,2:01 AM,Lamers,3038,5815822,83
1462,Betty,jcb,15-Feb-2017,12:27 PM,5:09 PM,Rosthorn,1427,7794743,45
1750,Ilise,jcb,21-Dec-2017,9:05 PM,7:55 AM,Basnett,867,4305160,63
1243,Gavra,visa,16-Jan-2017,2:00 PM,4:02 AM,Sharrard,925,3388279,77
1974,Emmie,diners-club-carte-blanche,23-Oct-2017,4:43 AM,6:09 PM,Felgat,2146,2078781,25
1031,Concettina,jcb,17-Oct-2017,1:14 AM,5:48 AM,Hanney,1710,6718005,59
1763,Adriena,americanexpress,18-May-2017,9:24 AM,1:58 AM,Barrowclough,3659,7222977,70
982,Anthe,china-unionpay,13-May-2017,5:45 AM,12:09 AM,Cheverell,4634,9533979,34
885,Clarissa,maestro,11-Jul-2017,1:29 AM,9:41 PM,Jorin,825,6971661,55
728,Celinka,bankcard,09-Dec-2017,3:53 PM,1:47 AM,Greenaway,4664,6563641,64
684,Calli,jcb,18-Jun-2017,2:49 AM,11:41 AM,Chaffey,2339,1534559,90
1319,Clarette,diners-club-enroute,06-Oct-2017,1:51 PM,8:30 AM,Lunam,560,5655751,10
1610,Joell,china-unionpay,22-Nov-2017,12:56 PM,4:13 AM,Dawe,1165,5015674,52
1088,Bernadene,jcb,09-Apr-2017,2:48 PM,11:46 PM,Seywood,1906,3344363,88
362,Greer,jcb,16-Apr-2017,4:22 PM,3:59 PM,Pain,1544,1432615,37
1969,Alexina,switch,17-Feb-2017,2:43 PM,12:46 PM,Forrestall,2734,2373139,78
970,Karola,diners-club-carte-blanche,30-Dec-2017,8:01 PM,1:14 PM,Strattan,1306,141802,15
461,Perry,jcb,03-May-2017,9:25 PM,10:19 PM,Furzey,3425,2526882,22
1760,Polly,jcb,13-Nov-2017,2:56 AM,10:19 AM,Swindin,1246,508211,99
1657,Kally,jcb,03-May-2017,5:08 PM,3:13 AM,Leirmonth,2938,2451967,68
591,Lucky,bankcard,12-Nov-2017,6:09 PM,2:18 PM,Wigelsworth,2623,6633448,95
1337,Bernette,maestro,19-Jun-2017,10:17 PM,12:19 PM,Bellows,2020,7579708,10
244,Honey,mastercard,01-Jul-2017,4:34 AM,11:31 PM,Gentsch,1058,7435575,65
1015,Ethelin,jcb,16-Feb-2017,11:51 PM,12:03 PM,Pinckney,1114,8351751,28
470,Dulciana,jcb,17-Aug-2017,12:21 PM,6:11 AM,Grogona,1989,5632785,39
1658,Jacinda,jcb,10-Dec-2017,10:23 PM,5:14 AM,Dunan,595,7722075,86
1693,Jill,solo,23-Jun-2017,5:11 AM,3:10 AM,Murrhaupt,1033,2224986,92
1013,Ilise,jcb,01-May-2017,7:01 AM,5:28 PM,Dobel,3581,6288205,72
1321,Kameko,mastercard,22-Nov-2017,10:03 AM,3:35 PM,Lightwing,4221,7140658,15
1620,Gusti,mastercard,10-Aug-2017,5:09 PM,2:08 AM,Gosney,3068,4392958,93
1443,Marci,visa-electron,05-Jul-2017,10:20 AM,6:25 PM,Langthorne,1012,9732805,87
1235,Alina,jcb,03-Jul-2017,5:29 PM,11:47 AM,Danielli,4860,9481652,53
945,Doralyn,jcb,27-Aug-2017,4:17 AM,4:18 AM,Renbold,1116,818133,67
1634,Kippy,visa-electron,10-Aug-2017,3:53 PM,11:58 PM,Djorvic,2444,3543162,72
442,Bobette,jcb,25-Apr-2017,7:31 PM,9:49 PM,Loalday,207,7543463,17
1520,Sibilla,switch,22-Oct-2017,2:09 AM,9:30 AM,Omand,4897,6158584,42
601,Annette,jcb,01-Nov-2017,7:21 AM,12:05 PM,Morfield,1205,9941571,58
880,Odille,jcb,09-Nov-2017,7:52 PM,1:40 AM,Halesworth,4939,6502174,74
1841,Gerianne,jcb,11-Jan-2017,11:28 PM,5:35 AM,Pashen,1276,3321594,78
938,Rebe,jcb,11-Apr-2017,8:40 AM,8:27 PM,Le febre,3725,6236866,32
1363,Emalia,laser,01-Nov-2017,2:37 AM,1:18 AM,Maccari,2299,1851786,97
933,Francisca,diners-club-enroute,04-Aug-2017,6:29 AM,9:16 PM,Reolfi,4006,6166314,62
1282,Giorgia,jcb,05-Aug-2017,5:05 PM,2:59 PM,Yuryichev,1877,1810525,31
780,Zena,diners-club-us-ca,09-Jun-2017,4:52 PM,10:19 AM,Sides,3615,8744663,100
1331,Susie,instapayment,21-Apr-2017,6:21 PM,2:21 PM,Daspar,4010,7657073,11
1268,Tedi,jcb,07-Jan-2017,1:05 AM,7:38 PM,Brimblecombe,2211,5215858,57
1439,Deborah,jcb,31-Aug-2017,5:01 AM,12:10 PM,Finnick,2803,5566951,33
1046,Ermina,diners-club-carte-blanche,09-Oct-2017,5:15 PM,11:30 AM,Goodall,3249,3130690,91
1845,Anna-diana,americanexpress,22-Nov-2017,12:33 AM,4:19 AM,Daintry,4391,7196644,27
292,Riane,bankcard,14-Nov-2017,12:46 PM,10:36 PM,Farrer,4984,9772581,62
1245,Kore,mastercard,05-Apr-2017,12:26 AM,9:13 PM,Avrahamian,149,936218,65
455,Norine,diners-club-enroute,20-Sep-2017,12:39 PM,7:03 AM,Heistermann,454,9499443,82
1026,Jewelle,maestro,25-Oct-2017,1:20 PM,1:04 AM,Chichgar,248,9859129,22
171,Casi,visa-electron,18-Nov-2017,4:45 PM,3:10 PM,Rosedale,1296,1250384,57
394,Rebecca,jcb,29-Sep-2017,11:26 PM,5:25 PM,Lammin,172,7855296,48
1821,Erika,jcb,09-Dec-2017,4:58 PM,10:17 AM,Townrow,3833,268351,49
1829,Trixi,switch,19-Nov-2017,3:51 AM,8:25 AM,Kenforth,3147,2170599,39
864,Jacklyn,jcb,26-Dec-2017,7:45 PM,10:44 AM,Sjollema,805,7739845,75
1179,Crista,maestro,02-Nov-2017,9:08 PM,12:59 AM,Kuhne,492,5247117,32
1443,Mable,mastercard,03-May-2017,6:45 PM,4:11 AM,Bursell,2698,3032847,42
512,Trudy,diners-club-carte-blanche,15-Jun-2017,4:19 AM,9:52 AM,Huegett,987,195670,36
649,Ermina,switch,23-Jul-2017,7:28 PM,3:22 PM,de Nore,2167,1957004,50
512,Cecil,diners-club-enroute,01-Nov-2017,3:47 PM,10:36 AM,Elfleet,2140,4988735,89
431,Trina,jcb,06-Dec-2017,11:26 PM,8:21 AM,Backman,587,3997704,78
1972,Paloma,jcb,02-Feb-2017,11:12 PM,8:55 AM,Dunthorn,3663,8116581,96
1376,Merilee,bankcard,14-Feb-2017,8:33 PM,5:30 AM,Bawles,209,7586028,17
1637,Carly,jcb,18-May-2017,8:09 PM,7:11 AM,Gulley,1055,8123119,17
238,Malvina,mastercard,26-Feb-2017,5:36 AM,11:04 AM,Ioannou,4083,1198012,59
733,Shane,laser,25-Feb-2017,2:20 AM,8:28 PM,Duddle,597,3448402,45
830,Merrile,jcb,30-Jun-2017,11:05 PM,4:16 PM,Cherrie,1011,1245524,46
1646,Bobbie,instapayment,10-Jul-2017,10:40 AM,10:05 PM,Treadgall,3214,5334823,39
789,Ray,americanexpress,04-Apr-2017,12:05 AM,4:59 PM,Postins,772,9438631,24
448,Shelli,jcb,09-Sep-2017,9:17 PM,7:25 PM,Noblet,1391,3586765,19
1363,Carolynn,visa,24-Sep-2017,10:12 AM,2:37 PM,Barden,3326,334596,34
1890,Lucy,visa,07-Mar-2017,6:13 AM,2:00 PM,Algy,1915,4563058,30
199,Marley,diners-club-us-ca,29-Jul-2017,5:24 AM,5:16 AM,Regina,491,4811608,73
1614,Vikky,switch,27-Feb-2017,8:11 AM,12:45 PM,Josselsohn,2175,5172838,44
1210,Hedi,visa-electron,19-Nov-2017,11:06 PM,9:33 PM,Waples,976,7282503,44
827,Melli,visa-electron,09-Nov-2017,2:19 AM,2:34 PM,Fargie,1605,8396692,99
1177,Ashlen,jcb,18-Oct-2017,10:35 AM,2:12 PM,Spillman,302,9945538,34
833,Kenna,jcb,06-Dec-2017,11:25 AM,6:59 PM,Petto,4744,8617648,61
685,Anne-corinne,maestro,21-Nov-2017,4:41 AM,11:58 PM,Trahear,4870,8585699,70
318,Rosene,jcb,27-Jan-2017,9:35 AM,9:19 AM,Kolis,378,403793,26
1636,Brunhilda,mastercard,20-Sep-2017,5:55 PM,12:35 AM,Rawlings,1020,1131646,62
746,Pamelina,americanexpress,16-Dec-2017,3:02 AM,4:34 AM,Bjorkan,4095,6266533,26
519,Emalia,jcb,04-Feb-2017,10:17 AM,12:30 AM,Rehor,1857,1172203,24
1136,Natalina,americanexpress,31-Oct-2017,5:53 PM,12:47 AM,Hickin,3548,3317391,65
1380,Shir,visa,31-Aug-2017,10:58 PM,11:37 PM,Newens,3793,1353008,13
309,Ericka,jcb,19-May-2017,2:42 AM,5:52 AM,Bresnahan,1205,5098493,52
1274,Denni,diners-club-international,27-Jul-2017,6:05 AM,4:53 PM,Minghi,4887,8394507,33
1826,Norri,mastercard,09-Nov-2017,6:49 PM,1:15 AM,Manion,3225,8492955,68
316,Malanie,jcb,11-Mar-2017,5:30 PM,3:18 AM,Peasee,2603,1475529,54
1315,Caressa,diners-club-enroute,26-Apr-2017,11:45 AM,3:33 AM,Crich,4357,3437295,43
613,Aveline,jcb,30-Nov-2017,8:47 AM,4:42 AM,Rymmer,1248,2758017,11
1383,Cecil,mastercard,12-Jan-2017,10:31 AM,2:06 PM,Drayn,1951,9804431,74
451,Clemence,jcb,13-Nov-2017,12:43 PM,2:39 AM,Gibbe,4070,1209215,95
1250,Cyndie,switch,11-Jun-2017,10:57 AM,2:52 PM,Abels,4769,333745,61
1184,Manya,maestro,30-Mar-2017,12:59 AM,11:29 PM,Symonds,3854,5690957,35
1132,Corrina,diners-club-carte-blanche,06-Apr-2017,3:28 AM,3:13 PM,Shackelton,1857,4214707,82
497,Laurena,americanexpress,25-Jun-2017,3:33 AM,1:43 AM,Woodberry,2902,478034,47
1758,Gilemette,jcb,15-Mar-2017,8:25 AM,1:32 PM,Vasilyevski,2309,7487422,89
1399,Terrijo,bankcard,15-Nov-2017,7:55 PM,4:31 PM,Addlestone,2817,2120183,32
1429,Moira,laser,03-Sep-2017,9:21 PM,1:30 AM,Cofax,3554,3323579,65
739,Mellie,diners-club-international,30-Dec-2017,4:31 AM,6:41 PM,Milius,2985,7054019,89
166,Juliana,bankcard,14-Aug-2017,12:59 AM,7:56 PM,Delgadillo,2817,3812711,95
761,Amelita,jcb,26-Aug-2017,6:41 PM,10:08 PM,Leates,4552,8715493,17
1156,Barbara-anne,jcb,30-Dec-2017,9:38 AM,9:00 PM,Fabler,903,191902,65
1761,Rae,china-unionpay,08-Jul-2017,6:15 AM,9:09 AM,Quigley,2944,4637756,74
408,Daniele,maestro,14-Oct-2017,4:15 PM,11:44 PM,Cushe,3586,577000,95
859,Melisenda,solo,02-Feb-2017,3:23 AM,10:14 AM,Regitz,564,2260924,52
697,Giralda,jcb,18-Aug-2017,5:04 AM,2:00 AM,Bristoe,4240,8652073,59
796,Tamara,switch,29-Dec-2017,9:40 PM,9:10 AM,Elies,1813,4119947,65
1838,Stormie,visa-electron,29-Nov-2017,11:40 AM,7:19 PM,Perch,4960,4183455,55
829,Demetris,switch,11-Oct-2017,6:53 PM,5:54 PM,Fillis,1793,638577,54
891,Ilka,americanexpress,22-Aug-2017,6:11 PM,3:02 PM,Cleveland,151,2036120,55
298,Lorrin,mastercard,01-Dec-2017,2:01 AM,7:50 PM,Stroobant,2584,5999360,48
1951,Stefa,jcb,02-May-2017,5:11 AM,4:47 AM,Leggett,4726,3468961,48
1394,Darsey,bankcard,05-Dec-2017,8:34 AM,11:45 PM,Josland,2884,512627,23
1230,Suzi,jcb,10-Mar-2017,10:56 AM,7:35 PM,Shevill,1200,4913208,43
614,Lynnea,mastercard,11-Aug-2017,2:42 AM,10:01 AM,Beran,1088,7431556,23
1235,Adriaens,americanexpress,30-May-2017,8:27 PM,8:35 AM,Varker,724,8573200,51
892,Adriena,jcb,28-May-2017,9:07 AM,12:21 PM,Olman,3443,1463868,33
1108,Carita,bankcard,06-Apr-2017,5:33 AM,9:53 PM,Mitchard,3669,7945402,35
1705,Gussi,americanexpress,07-Aug-2017,10:10 PM,9:36 PM,Broxholme,3340,6693030,14
1993,Chrissy,americanexpress,12-Jul-2017,6:26 PM,8:12 PM,Case,3838,4003978,81
1114,Alanah,jcb,30-Aug-2017,4:31 PM,12:07 AM,Barnwill,2425,1573913,22
1680,Heddi,mastercard,07-Jan-2017,2:36 AM,5:47 PM,Fullwood,2858,998862,82
1604,Shell,diners-club-carte-blanche,14-Jul-2017,7:57 AM,5:24 PM,Gerkens,2798,1451987,52
906,Randie,jcb,18-Nov-2017,11:40 AM,10:10 PM,Hardstaff,4565,5005460,50
536,Crystal,diners-club-enroute,21-Feb-2017,7:09 AM,2:10 AM,Letford,528,6245137,100
1388,Bertine,mastercard,24-May-2017,2:50 AM,5:47 AM,Cool,4825,9286459,38
314,Hali,switch,15-Feb-2017,5:06 PM,7:33 AM,Piola,2355,5756463,31
967,Leanora,diners-club-carte-blanche,23-May-2017,3:28 AM,8:59 AM,Harden,2067,1332408,42
932,Anna-diana,jcb,29-May-2017,10:00 PM,8:21 PM,Strewther,513,7895398,94
286,Courtnay,jcb,04-Dec-2017,8:15 AM,9:24 PM,Seger,2137,3442471,54
181,Wenona,diners-club-carte-blanche,10-Jan-2017,12:27 PM,7:19 PM,Crommett,1591,5902157,28
579,Oralla,diners-club-enroute,15-Jul-2017,12:54 PM,1:24 PM,Dyte,1637,1854335,22
125,Violette,americanexpress,22-Dec-2017,10:45 AM,3:13 AM,Kinnar,3426,6621865,65
593,Phil,maestro,09-Dec-2017,1:03 PM,8:51 AM,Aberdalgy,626,3094828,38
892,Krystle,diners-club-carte-blanche,12-May-2017,9:18 PM,8:57 AM,Mackrill,702,2798683,34
705,Tabby,visa-electron,14-Apr-2017,3:58 PM,9:09 PM,Bousler,4922,4578520,31
1332,Catrina,mastercard,27-Nov-2017,11:19 PM,4:08 PM,Franscioni,3769,458225,17
1403,Martguerita,jcb,09-Nov-2017,6:34 PM,10:36 PM,Lauchlan,1267,3384407,59
560,Odelle,diners-club-carte-blanche,20-Dec-2017,4:09 PM,5:36 AM,Bartak,791,5548309,34
309,Viviyan,bankcard,02-Apr-2017,11:57 AM,4:05 AM,Kovalski,2393,546871,80
1331,Doralynn,maestro,11-Feb-2017,4:41 PM,11:01 AM,Masterman,1232,5234793,55
1604,Tina,mastercard,09-Jan-2017,7:36 PM,7:51 PM,Jenne,4778,7732596,75
1833,Erminia,maestro,22-Apr-2017,4:09 PM,11:58 PM,Lamberton,838,3222748,95
1265,Kerrie,visa,12-Jul-2017,6:01 AM,4:28 AM,Domerq,2306,5158201,44
608,Eilis,jcb,14-Apr-2017,7:13 PM,10:29 AM,Lukash,2145,3811035,96
992,Brittni,switch,16-Aug-2017,6:54 PM,3:34 PM,McWhorter,3133,4376906,35
1635,Amelita,visa-electron,15-Feb-2017,5:14 AM,9:55 PM,Blaik,1620,3511585,49
295,Rae,americanexpress,10-May-2017,4:34 AM,2:10 PM,Powrie,4072,7686741,33
212,Candis,maestro,19-Apr-2017,6:24 AM,2:45 PM,Heiss,1818,7367229,81
1490,Sheilakathryn,china-unionpay,13-Feb-2017,3:23 AM,12:13 PM,Pappi,3996,520914,14
1752,Jamima,jcb,08-Oct-2017,4:20 PM,1:52 AM,Brient,3700,342403,81
282,Josy,visa-electron,16-Nov-2017,6:53 AM,6:27 PM,Folbig,1315,9504888,74
1184,Anya,china-unionpay,30-Mar-2017,12:56 AM,5:45 AM,Kerins,3732,2153074,41
1488,Dorolice,jcb,05-Aug-2017,1:49 AM,5:02 PM,Lambrecht,2317,6916450,12
917,Cammi,jcb,14-Apr-2017,2:37 PM,1:51 AM,Thomassin,4423,9450361,91
179,Adore,visa-electron,12-Feb-2017,7:49 AM,12:10 AM,Rubinchik,3237,381830,93
1344,Cristina,mastercard,20-Oct-2017,7:09 PM,2:17 AM,Cuzen,3572,4404976,26
1455,Marna,jcb,02-Sep-2017,10:24 PM,3:12 AM,Welbourn,601,5552728,76
1467,Roze,americanexpress,14-May-2017,6:45 PM,12:06 AM,Pauls,3053,5594150,27
1250,Krystalle,visa,28-Dec-2017,3:33 PM,2:43 PM,Gilroy,1925,1511205,23
939,Kristina,jcb,18-Mar-2017,4:22 AM,2:02 PM,Utton,4232,2665787,72
1239,Donnajean,mastercard,16-Sep-2017,11:59 AM,6:23 AM,Amy,3256,8430626,14
1212,Zonda,jcb,25-Jun-2017,11:10 PM,9:47 PM,Shore,1524,8059205,72
1644,Nedda,laser,17-Jan-2017,12:53 AM,11:56 AM,Orto,1822,2369567,63
1955,Lynnea,mastercard,12-Aug-2017,3:34 PM,7:05 AM,Kid,3155,8341330,87
1880,Jessalyn,switch,06-Aug-2017,5:50 PM,3:34 AM,Swapp,1667,5504856,13
1076,Henka,china-unionpay,17-Nov-2017,5:35 AM,2:25 AM,De Caville,1977,1155099,23
372,Bobby,switch,02-Jul-2017,2:14 AM,5:40 PM,Abramowsky,384,6445469,63
1885,Beverie,jcb,30-Apr-2017,11:17 AM,6:01 PM,Pahler,3952,41939,65
541,Sonnie,maestro,07-Sep-2017,7:13 PM,5:46 PM,Warin,194,3078974,86
314,Dot,instapayment,07-Nov-2017,10:04 AM,5:53 AM,Cheer,3393,8314916,38
1223,Lucinda,mastercard,30-May-2017,2:39 AM,5:23 AM,Caghy,1596,9205434,95
557,Henka,visa,02-Feb-2017,12:47 PM,11:05 PM,De Freyne,427,2209443,79
1935,Teresina,americanexpress,21-Dec-2017,2:01 AM,12:12 AM,Abrahmovici,3143,4822233,18
259,Dotty,jcb,03-Oct-2017,2:06 PM,12:40 AM,Kemble,1627,7061246,70
1436,Nerissa,jcb,03-Feb-2017,3:57 PM,2:58 PM,Fusedale,3476,8303420,72
1622,Jackquelin,jcb,17-Oct-2017,10:26 AM,10:11 AM,Rosenthal,1242,5089136,51
317,Christine,mastercard,22-Dec-2017,6:40 PM,12:09 PM,Frizell,2065,1537296,60
802,Angy,jcb,02-Jun-2017,10:29 AM,9:29 AM,Pitkin,3706,5545124,29
1772,Stormie,jcb,17-Oct-2017,10:41 AM,1:59 PM,Grimm,3244,7593048,89
130,Agnes,mastercard,11-May-2017,10:40 PM,9:10 AM,de Grey,4147,679823,98
996,Liza,instapayment,18-Jan-2017,2:31 PM,1:29 AM,Pilsbury,1000,1435431,85
1925,Coleen,diners-club-international,16-Mar-2017,7:36 AM,11:54 AM,Dubbin,1930,6385382,53
1021,Franciska,visa,13-Dec-2017,11:41 AM,10:39 PM,Manktelow,1951,119572,37
192,Jeni,switch,22-Sep-2017,4:43 AM,7:26 PM,Daveridge,1453,1606673,91
1100,Janeen,jcb,08-Jun-2017,4:00 AM,6:23 AM,Quilkin,1585,4460926,70
1612,Georgette,diners-club-carte-blanche,11-Dec-2017,10:58 AM,3:44 AM,Benn,3949,8864197,34
1363,Noni,visa,14-Nov-2017,4:14 PM,6:08 PM,Fattorini,1142,5932706,79
671,Maurizia,jcb,21-May-2017,8:15 PM,3:00 PM,MacNamara,3780,9167931,60
1605,Marj,jcb,15-Feb-2017,12:05 AM,9:53 AM,Perschke,3218,5128437,43
889,Darby,bankcard,20-Dec-2017,9:17 AM,4:53 PM,Woolfenden,2041,892938,23
1348,Lissi,jcb,26-Dec-2017,3:55 AM,2:30 PM,Cuttin,1503,9465051,82
209,Krystal,switch,23-Apr-2017,2:24 AM,2:34 PM,Gadeaux,2921,6117877,85
1155,Stace,jcb,15-Feb-2017,6:39 PM,12:37 AM,Murrie,3652,4777216,81
1272,Sharla,instapayment,03-Oct-2017,1:27 PM,12:32 PM,Sneezum,4460,4445533,17
1243,Lusa,laser,23-Mar-2017,3:33 AM,12:48 PM,Raggett,4224,6956205,64
1337,Malynda,mastercard,26-Sep-2017,3:48 AM,8:28 AM,Sunter,4125,9691117,71
964,Shaylah,americanexpress,06-Jan-2017,6:18 AM,9:59 AM,Franc,1461,6854749,30
824,Kimbra,mastercard,02-Mar-2017,7:09 AM,7:23 PM,Hartup,2805,8502100,71
808,Tessie,instapayment,30-Aug-2017,12:11 AM,11:59 AM,Haestier,4312,7574964,10
916,Bernete,jcb,24-May-2017,6:39 AM,5:39 AM,Caras,4987,3872200,26
370,Tamqrah,china-unionpay,01-Feb-2017,1:27 AM,12:23 PM,Wibrew,2196,1180547,99
1158,Glynis,diners-club-enroute,19-Dec-2017,11:44 AM,6:35 AM,Rossbrooke,2949,2144680,45
1294,Oralia,maestro,09-Mar-2017,8:10 AM,10:59 PM,Duchart,4919,7303158,96
1982,Gayel,visa-electron,27-Sep-2017,5:15 PM,10:39 PM,Gilbane,3844,6147146,25
1632,Sharline,jcb,16-Dec-2017,5:53 AM,2:56 PM,Kiss,1885,6748604,57
1514,Pru,china-unionpay,26-May-2017,11:52 AM,10:40 PM,Dun,3016,3544786,15
982,Genovera,visa,31-Oct-2017,2:08 PM,3:28 PM,Ector,1851,3052617,99
677,Tomi,diners-club-carte-blanche,22-Jul-2017,11:14 PM,3:35 AM,Piesold,2392,2474959,23
107,Milzie,switch,19-Mar-2017,4:19 PM,10:30 PM,Premble,2828,6202140,69
1207,Helen,diners-club-us-ca,20-Apr-2017,10:19 AM,2:48 AM,Minocchi,2805,4156766,87
1539,Myrle,switch,20-Jul-2017,6:36 PM,1:40 AM,Rosenfelt,4532,8545612,47
1819,Vernice,jcb,22-Apr-2017,7:29 AM,4:40 AM,Drysdale,4703,4344466,26
337,Fredericka,maestro,04-Nov-2017,6:09 PM,4:32 AM,Lyon,1278,5842882,67
1219,Marna,mastercard,21-May-2017,10:34 AM,11:18 AM,Dutteridge,4046,6017629,70
1898,Victoria,switch,30-Jan-2017,9:23 PM,6:57 PM,Dufall,4895,2012597,95
1254,Lilia,visa-electron,25-May-2017,6:11 AM,8:10 PM,Djekovic,2281,2831842,92
1483,Joyan,diners-club-carte-blanche,17-Feb-2017,10:58 PM,3:18 AM,Wilfinger,1909,1482257,79
341,Britt,visa-electron,15-Feb-2017,8:18 PM,2:58 PM,Gerge,4895,5055096,79
1489,Rachelle,jcb,05-Jul-2017,11:02 AM,5:47 AM,MacGuffie,335,6513513,83
1503,Michaella,instapayment,22-Dec-2017,5:54 PM,11:56 PM,McGahy,1134,9308481,93
1501,Lissie,maestro,05-Oct-2017,2:23 AM,3:12 PM,Hubbucks,3210,2945489,81
573,Clementia,instapayment,19-Jun-2017,12:00 PM,8:38 PM,Kohnert,4551,8603079,56
182,Germana,solo,28-Aug-2017,9:37 AM,3:49 AM,Ghione,730,5771339,87
1096,Gilligan,jcb,04-Jun-2017,3:05 PM,8:30 PM,Scudder,4223,6589380,57
296,Aurie,maestro,28-Apr-2017,6:25 PM,3:18 PM,Sneesby,1208,5578352,74
1911,Milli,jcb,19-Jan-2017,2:33 AM,12:17 PM,Pavic,4701,669631,88
1733,Aubrette,china-unionpay,21-Nov-2017,3:53 PM,5:27 AM,Jurkowski,4471,3876440,97
1619,Ynes,china-unionpay,06-Jul-2017,3:39 PM,5:27 AM,Cregg,4575,6393275,30
1081,Elva,jcb,18-Sep-2017,11:22 PM,7:06 AM,Waistell,1291,9516326,97
1176,Ashlie,laser,24-Dec-2017,1:11 AM,2:43 PM,Clemens,399,2813033,17
927,Carlin,jcb,30-Oct-2017,9:34 PM,2:32 AM,Jumonet,1953,3101873,78
1332,Marilin,jcb,13-Apr-2017,1:15 AM,9:16 AM,Madrell,1388,2236544,98
538,Adriane,diners-club-international,25-Mar-2017,2:35 AM,7:23 PM,Kynston,2238,8841429,51
1082,Kary,jcb,21-Oct-2017,5:29 AM,9:13 PM,Cotgrove,2592,2782316,83
240,Reena,switch,31-Mar-2017,12:02 PM,10:36 PM,Hazeley,2028,9409436,78
1140,Taryn,instapayment,22-Oct-2017,3:38 AM,2:30 PM,Palffy,1849,6244536,18
1278,Shelly,instapayment,20-Jul-2017,11:40 PM,5:01 AM,Barrick,3219,4087399,29
1273,Katti,maestro,25-May-2017,6:08 PM,4:10 AM,Antognelli,188,2403312,28
1293,Shannen,jcb,01-Jul-2017,12:53 PM,12:54 PM,Heephy,4687,7716224,58
277,Lindsy,diners-club-enroute,26-Aug-2017,8:58 AM,9:21 AM,Torrent,1124,6274289,87
952,Lethia,switch,28-Feb-2017,9:12 AM,9:51 AM,Furneaux,2355,9691919,47
1935,Imogene,laser,21-Feb-2017,5:53 PM,6:38 PM,Deeth,953,8604111,13
1375,Shane,americanexpress,30-Jul-2017,8:41 AM,7:28 PM,Dawks,4055,5779270,48
654,Matty,jcb,03-Aug-2017,5:02 AM,6:05 AM,Paffot,4680,292896,48
141,Maisey,maestro,16-May-2017,3:33 AM,11:20 PM,Ingles,3397,3559654,30
212,Christie,bankcard,01-Oct-2017,9:03 AM,10:54 PM,Woodhall,1487,6580141,56
855,Merola,americanexpress,18-Nov-2017,4:48 PM,8:08 PM,Halsworth,1263,464846,28
1198,Kyrstin,jcb,23-May-2017,5:31 AM,2:47 AM,Gashion,910,2737797,67
229,Chantalle,mastercard,07-Aug-2017,4:16 AM,10:09 AM,Pitcock,517,8792839,51
1564,Stephie,maestro,31-Jul-2017,10:56 PM,12:56 AM,Hevner,3003,4632686,52
315,Channa,switch,18-Oct-2017,9:09 AM,7:27 AM,Cotgrove,262,2521891,56
1192,Kameko,diners-club-carte-blanche,16-Feb-2017,2:07 AM,3:28 PM,Ulyet,1585,9665689,57
891,Winny,jcb,21-May-2017,4:08 AM,10:45 PM,Dovidaitis,2560,7776344,18
1970,Carly,americanexpress,17-Jan-2017,1:27 AM,3:14 PM,Portal,776,2280403,50
1993,Marjory,jcb,07-Oct-2017,11:44 PM,10:50 AM,Darrington,4220,7876128,94
800,Catherin,jcb,07-Apr-2017,5:36 AM,7:00 AM,Stenner,447,8254494,53
631,Maurizia,jcb,28-Sep-2017,6:02 PM,4:10 PM,Whitmell,3168,2382265,49
472,Adel,visa-electron,12-Jul-2017,8:07 AM,6:17 AM,Kroon,120,2108735,80
1361,Valaree,bankcard,12-Mar-2017,7:29 AM,3:30 PM,Hendrix,430,238317,94
637,Idelle,jcb,26-Sep-2017,8:55 AM,8:28 AM,Conechie,3495,3922515,83
807,Chiquia,jcb,25-Apr-2017,7:14 AM,5:51 PM,Constance,2690,8980028,31
441,Ketty,diners-club-carte-blanche,04-Nov-2017,7:48 PM,4:07 PM,Sugars,171,3193737,48
724,Marybelle,maestro,29-Aug-2017,6:34 AM,8:48 AM,Nickols,1487,769669,79
419,Marje,bankcard,27-Dec-2017,9:00 PM,11:34 PM,Fairpo,3181,612608,60
1927,Magda,jcb,03-Jul-2017,10:02 PM,5:32 AM,Danilovic,2611,9798693,37
1436,Timmi,maestro,22-Jul-2017,1:42 AM,9:53 AM,Hinchon,3464,7582272,71
1338,Carry,jcb,20-May-2017,5:31 AM,9:03 AM,Roach,955,2621606,61
1251,Verna,jcb,12-Dec-2017,9:37 PM,1:23 PM,Courtese,1965,1445116,86
1594,Leela,jcb,15-Sep-2017,3:53 PM,8:35 PM,Helian,2038,8107042,49
1592,Goldina,visa-electron,26-Apr-2017,7:37 PM,12:30 AM,Strathearn,4873,781698,94
175,Gerda,jcb,04-Feb-2017,10:06 PM,10:28 AM,Mainston,1135,303399,82
363,Orsa,china-unionpay,15-Aug-2017,7:23 AM,11:16 PM,Pinckney,2925,1851297,64
163,Ronalda,jcb,08-Jan-2017,9:22 AM,7:13 AM,Younglove,3627,3122962,23
1846,Vivien,visa,02-Aug-2017,12:51 PM,3:38 PM,Zannotelli,4372,9640946,60
1709,Rafaelita,americanexpress,17-Oct-2017,11:36 PM,6:54 PM,Murra,1999,4155271,77
1237,Demeter,jcb,23-Oct-2017,1:06 AM,10:45 PM,Corradengo,1106,5777059,28
944,Elana,mastercard,14-Jun-2017,12:40 PM,6:32 PM,Brangan,270,7434574,63
1684,Camala,laser,24-May-2017,10:20 AM,12:33 PM,Attoc,4147,459035,84
524,Thalia,visa,30-Sep-2017,12:17 AM,12:09 AM,Billinge,633,1356636,32
1800,Consuelo,jcb,13-Feb-2017,9:42 AM,1:53 AM,Do Rosario,2071,651540,72
1817,Angelia,mastercard,30-Jun-2017,5:06 AM,10:48 AM,Coade,4095,2438979,59
996,Margarette,maestro,13-May-2017,6:56 AM,8:08 PM,Wick,3379,4147248,46
1237,Ayn,switch,09-Sep-2017,7:10 PM,6:39 PM,Frearson,2550,8585636,55
631,Susanetta,jcb,17-Aug-2017,10:25 AM,6:52 AM,Thatcher,4755,2982321,59
100,Cherilynn,china-unionpay,16-May-2017,12:15 PM,7:21 AM,Borless,3271,85393,65
242,Rosabelle,china-unionpay,08-Feb-2017,8:35 PM,3:14 PM,Blore,4868,1051401,32
729,Idell,china-unionpay,24-Nov-2017,12:40 PM,12:09 AM,Pattlel,2466,1176912,92
145,Martha,maestro,04-Jul-2017,5:40 AM,2:48 PM,Grayne,690,3679959,89
573,Malinda,solo,24-Nov-2017,6:51 PM,9:05 AM,Strute,2902,6855885,25
385,Leeann,laser,02-Oct-2017,4:05 AM,3:38 PM,Santoro,1174,359390,70
1726,Anastasie,jcb,27-Aug-2017,11:38 AM,8:52 PM,Kelmere,2834,2264176,25
1026,Deina,jcb,01-Apr-2017,1:29 PM,1:42 PM,Simchenko,1756,3419077,78
871,Joeann,americanexpress,14-Mar-2017,11:02 PM,2:13 AM,Wakeford,4873,6583206,93
993,Cassandra,jcb,24-Feb-2017,7:32 PM,9:45 AM,Sillis,1901,5613757,42
705,Tracee,mastercard,23-Feb-2017,2:10 PM,1:14 PM,Oehme,3474,1976060,16
1258,Audie,solo,15-Apr-2017,2:22 AM,3:04 PM,Cundey,4211,2164902,28
1006,Jeannie,jcb,09-Aug-2017,10:14 AM,5:56 PM,Trolley,4647,1126069,16
1958,Auria,mastercard,07-Feb-2017,3:17 PM,10:17 AM,Cloutt,1647,5985463,65
1018,Haily,jcb,06-Jan-2017,1:15 AM,9:39 PM,Pygott,1181,1336912,96
1554,Kitty,switch,29-Dec-2017,6:56 PM,9:29 PM,Tallow,2974,5906421,86
852,Essy,visa,23-Apr-2017,4:29 AM,4:34 PM,Fullager,4624,9534174,21
1829,Antonietta,diners-club-carte-blanche,19-Dec-2017,9:43 PM,5:37 AM,Mahaddy,754,7248654,17
1644,Calley,mastercard,26-Mar-2017,10:28 AM,5:04 PM,Brambley,1551,2184708,93
1837,Luisa,switch,21-Apr-2017,1:15 PM,2:33 AM,Schachter,3984,8448643,17
1043,Elke,jcb,19-May-2017,10:44 PM,9:13 PM,Knuckles,2464,3180735,65
588,Petronia,bankcard,22-May-2017,1:09 AM,4:00 AM,Phibb,3901,1289545,98
1651,Philippine,jcb,20-Nov-2017,6:24 AM,10:51 AM,Andrassy,2058,5990619,40
1282,Ladonna,jcb,02-May-2017,8:25 AM,12:05 AM,Goodinge,1336,4805961,67
340,Emmye,jcb,20-Feb-2017,7:12 AM,3:22 AM,Allsep,231,4536291,79
1116,Angele,americanexpress,03-Nov-2017,3:17 AM,7:42 AM,Stook,258,4318596,66
1862,Chastity,maestro,31-May-2017,10:17 AM,8:43 AM,Ackerley,3358,2575840,50
1155,Violet,mastercard,01-Jan-2018,9:32 PM,11:24 AM,Reisenstein,1820,1689895,56
1314,Georgette,jcb,03-Jun-2017,7:18 AM,7:12 PM,Streeting,3179,1835279,69
1819,Tatum,maestro,08-Jan-2017,2:41 AM,5:46 PM,Andreuzzi,3369,720433,61
183,Euphemia,jcb,29-Aug-2017,9:37 PM,5:22 PM,M'Quharg,1059,4527134,79
1897,Robenia,maestro,12-May-2017,2:09 AM,5:24 PM,Byas,4301,6291891,75
1791,Melicent,mastercard,06-Sep-2017,5:25 AM,8:47 AM,Carrabott,4868,91574,83
438,Colleen,bankcard,21-Jul-2017,4:00 AM,6:09 PM,Mounter,3093,4845414,67
1620,Karen,maestro,15-Dec-2017,2:55 PM,6:28 PM,Wilkenson,3810,9498789,54
1439,Holli,bankcard,26-Sep-2017,1:33 AM,6:21 AM,Spurriar,4956,1107058,14
1553,Poppy,switch,19-Jun-2017,7:24 PM,11:50 AM,Smyth,2222,4932881,98
1603,Ilysa,bankcard,08-Apr-2017,3:36 PM,1:02 PM,Jurgenson,4494,8881443,77
1029,Katya,jcb,03-Apr-2017,10:27 PM,11:44 PM,Consadine,4712,7095923,59
406,Kyrstin,maestro,26-Sep-2017,8:21 AM,2:01 AM,Wint,3909,4357794,40
1240,Ashil,china-unionpay,12-Dec-2017,1:22 PM,8:50 AM,Warrack,3076,4686111,97
555,Harrietta,jcb,28-Jul-2017,9:47 AM,10:12 AM,Errichi,3684,1579108,13
1334,Marcela,laser,05-Feb-2017,11:11 AM,6:56 PM,Berrisford,524,4805930,15
975,Ula,mastercard,22-Jun-2017,1:29 PM,9:33 PM,Fothergill,1182,5281059,100
720,Desiri,americanexpress,04-Dec-2017,6:42 AM,11:22 AM,Girault,1826,8392040,93
661,Ibbie,diners-club-enroute,14-Mar-2017,4:24 AM,1:20 PM,Felgat,3131,7911365,24
205,Korie,maestro,20-May-2017,6:41 PM,5:00 PM,Duddin,3900,4041451,48
348,Rosabelle,instapayment,25-Jul-2017,2:17 AM,8:27 PM,Mahedy,718,5402099,25
1294,Melinda,mastercard,14-Mar-2017,11:43 AM,11:46 PM,Josipovic,1949,3946274,22
472,Kial,visa,19-Aug-2017,4:53 AM,4:20 PM,Zoren,4396,1426145,61
1908,Zahara,mastercard,26-Dec-2017,8:07 AM,6:11 AM,Shakesby,4478,6028422,53
1634,Sybyl,switch,14-Mar-2017,2:52 AM,2:19 PM,Haney,4546,5479718,45
841,Willa,jcb,11-Sep-2017,6:25 PM,12:02 AM,Mazonowicz,678,5214655,10
1395,Tisha,jcb,29-Mar-2017,11:46 PM,7:59 PM,Fussen,4398,2964756,21
1227,Gilbertina,jcb,08-Mar-2017,11:45 PM,7:07 AM,Nardoni,4411,2587889,60
1813,Justina,americanexpress,13-Jun-2017,1:14 PM,12:27 PM,Loyns,979,1970696,95
1711,Bess,switch,11-May-2017,6:41 AM,10:17 PM,Zukierman,811,1977686,36
899,Ertha,jcb,10-Jul-2017,11:53 PM,4:44 AM,Pentercost,3465,3894902,25
834,Jonis,bankcard,23-Jul-2017,8:17 AM,8:18 AM,Mouan,1048,8864712,94
1664,Brina,jcb,29-Oct-2017,10:30 AM,5:26 AM,Wakelin,1897,7590442,99
1959,Juanita,visa-electron,18-Feb-2017,11:10 AM,1:26 PM,Cambden,2799,8719274,38
1636,Clarey,mastercard,28-Sep-2017,12:54 AM,11:03 PM,Gerbl,1989,3323758,33
1963,Barbaraanne,jcb,02-Mar-2017,7:17 PM,4:09 PM,Perrygo,2261,9882665,16
394,Gertruda,jcb,22-Apr-2017,10:49 AM,4:58 PM,Burdon,2469,6956502,92
1403,Dinnie,jcb,03-Jun-2017,6:54 PM,6:26 AM,Mouth,4112,5365097,58
1806,Sharleen,jcb,07-Jan-2017,7:49 PM,5:39 AM,Clemits,4051,2185742,78
153,Janine,jcb,29-Jul-2017,10:15 AM,11:12 AM,Eglington,3721,1425633,63
245,Rosita,jcb,08-Feb-2017,11:16 PM,7:20 AM,Brissard,2012,1524076,79
1574,Naomi,diners-club-carte-blanche,18-Jun-2017,4:58 AM,9:20 PM,Baruch,2860,6434329,72
1348,Lori,switch,23-Aug-2017,5:30 PM,1:22 PM,Rudgard,4630,7288092,46
1053,Robina,jcb,10-Nov-2017,3:00 AM,6:40 AM,Riepel,2596,3365113,73
1283,Kimberli,instapayment,27-Jan-2017,12:55 AM,11:02 PM,Lauret,4041,6814224,55
586,Stesha,americanexpress,08-Aug-2017,6:01 PM,8:42 AM,Waddingham,3283,6585509,24
627,Marlee,jcb,07-Jun-2017,12:17 AM,3:03 AM,Essery,4200,7429271,50
1470,Darda,jcb,16-May-2017,1:25 AM,11:14 AM,Macken,2333,496420,84
1290,Caryn,jcb,27-Feb-2017,8:23 AM,6:09 AM,Dumbelton,4865,8298509,37
630,Xenia,jcb,26-Jul-2017,11:49 AM,1:41 PM,Lacroutz,2735,3468922,75
807,Salomi,maestro,06-Nov-2017,4:24 PM,2:10 AM,Roma,3260,4999027,84
1463,Yevette,jcb,05-Jul-2017,10:02 AM,12:18 AM,Swancott,3817,1221135,61
1559,Lolita,jcb,24-Jan-2017,1:39 AM,8:12 AM,Pohlke,3947,8064738,44
502,Alexis,diners-club-carte-blanche,08-Jul-2017,10:39 AM,8:37 AM,Dimeloe,339,670109,38
1862,Eddi,jcb,16-Sep-2017,9:11 PM,10:03 AM,Boriston,1877,5312942,13
703,Alvina,diners-club-carte-blanche,04-Aug-2017,5:56 AM,4:11 AM,Gounot,2213,4546368,24
105,Gabriell,americanexpress,24-Apr-2017,1:16 PM,3:29 PM,Gaisford,4483,4431835,54
808,Almeda,mastercard,04-Nov-2017,1:51 AM,7:37 AM,Farherty,4174,3523075,20
341,Aubine,switch,13-Jul-2017,8:33 AM,3:34 AM,Leband,4351,245923,27
895,Catha,visa,31-Jul-2017,12:12 PM,6:02 AM,Klimas,507,8721756,69
1270,Karie,jcb,19-May-2017,7:12 AM,2:32 AM,Brenston,376,6726168,42
1223,Margot,jcb,07-Nov-2017,5:52 AM,2:20 PM,Fewster,2626,2896982,62
868,Kalindi,instapayment,17-Aug-2017,11:38 AM,12:44 AM,Bellsham,3462,7431355,71
1818,Cory,diners-club-international,14-Nov-2017,12:25 PM,10:03 PM,Carnock,3882,787990,85
1243,Constancy,jcb,31-Aug-2017,3:07 PM,6:26 AM,Patrono,3354,607303,35
1235,Minna,maestro,03-Apr-2017,10:28 AM,9:04 PM,MacGillreich,3218,711011,61
548,Kathy,jcb,21-Sep-2017,11:37 AM,12:06 PM,Klejna,2342,822280,37
671,Ariella,switch,25-Jan-2017,5:23 AM,7:15 PM,Carratt,3898,2065353,88
1415,Fionna,americanexpress,27-Jun-2017,7:24 AM,12:17 AM,Cheng,2999,5975443,57
892,Ileana,bankcard,10-Aug-2017,8:21 AM,12:22 AM,Pennoni,4506,9080126,38
870,Jaquith,jcb,21-May-2017,6:20 PM,10:08 PM,Shilstone,2155,8998700,79
1674,Ynez,bankcard,06-Feb-2017,9:33 PM,11:37 PM,Penvarne,4054,1155739,43
715,Birdie,laser,03-Feb-2017,11:11 AM,11:27 PM,Potter,819,9018911,13
1163,Camala,instapayment,12-Feb-2017,9:39 AM,11:29 PM,Castelletti,2045,6094927,14
235,Ulrike,diners-club-us-ca,29-Jan-2017,1:59 PM,10:09 AM,Grishanin,4190,7500536,41
1240,Thomasin,jcb,24-Aug-2017,9:28 PM,12:38 PM,Woodruffe,1483,3591905,31
1151,Shae,jcb,06-Oct-2017,6:21 PM,6:53 AM,Bark,2978,4758376,54
1423,Shanna,switch,28-Sep-2017,12:54 AM,1:27 AM,Points,3427,2116322,15
1504,Edith,mastercard,23-May-2017,1:21 AM,10:23 AM,Reuter,1543,4395223,74
1747,Jasmine,bankcard,01-Jul-2017,8:54 AM,5:56 PM,Cregg,2281,5032522,87
1299,Stephenie,jcb,14-Mar-2017,10:00 AM,1:50 AM,Bellin,455,5206744,60
1601,Wileen,jcb,21-Oct-2017,5:57 PM,8:37 PM,Briggs,3927,3211571,27
252,Gwenette,china-unionpay,24-Dec-2017,3:30 PM,9:22 AM,Goeff,4659,5349782,44
801,Lynette,visa-electron,12-Apr-2017,10:35 PM,9:01 PM,Lukovic,442,4622879,34
1781,Irina,jcb,12-Apr-2017,12:26 AM,11:38 PM,Brabbins,1588,6534089,79
1947,Amalee,jcb,23-Dec-2017,11:51 PM,6:54 PM,Crother,4094,6503828,89
283,Raynell,jcb,25-Nov-2017,5:32 PM,12:54 PM,Gatrill,2562,339602,98
141,Cathy,mastercard,22-Aug-2017,2:57 AM,1:25 AM,Slinger,4781,5520584,71
1970,Flori,jcb,28-Dec-2017,10:12 PM,1:16 AM,Wellen,399,8950609,46
427,Elsbeth,china-unionpay,31-Jul-2017,3:44 AM,5:54 PM,Causnett,624,6976538,94
1568,Willetta,switch,30-Dec-2017,1:34 PM,6:42 AM,Leopard,1388,1144583,76
1071,Cassondra,jcb,12-May-2017,2:53 AM,4:50 PM,Este,4825,8363613,29
210,Hortensia,americanexpress,23-May-2017,10:06 PM,6:13 PM,Bonnavant,4924,4942830,93
1280,Bev,jcb,09-Oct-2017,12:49 AM,10:49 AM,Haggett,4869,7277856,60
1047,Laurella,jcb,07-Feb-2017,8:02 PM,8:25 AM,Aldridge,1716,1592216,88
1944,Abbi,jcb,04-Dec-2017,5:18 AM,1:34 PM,Dukesbury,961,7499997,28
1015,Joelly,diners-club-enroute,14-Jan-2017,3:49 AM,5:30 PM,Barnfield,4909,5425668,85
1804,Pamella,diners-club-international,20-May-2017,3:28 AM,5:15 AM,Matthews,2711,7723061,33
648,Jonell,mastercard,28-Jun-2017,5:58 AM,8:19 PM,Duiged,2775,5266600,28
1311,Aurea,visa-electron,12-Mar-2017,1:18 AM,4:41 PM,Croasdale,3418,6817310,92
940,Harriet,visa-electron,29-May-2017,12:56 PM,6:55 PM,Yushkin,252,6140465,51
184,Gaynor,jcb,10-Mar-2017,11:16 PM,9:44 AM,Horder,1283,1864530,45
1335,Andy,jcb,12-Sep-2017,5:32 AM,8:42 AM,Burroughes,1796,5124180,31
194,Constance,jcb,04-Oct-2017,3:12 AM,5:03 PM,McKeran,562,8907346,50
1915,Myrah,mastercard,10-Aug-2017,8:49 AM,6:41 PM,Davoren,2781,8344308,39
1525,Lucienne,switch,03-Jul-2017,4:58 PM,1:56 AM,Alleway,999,9005137,26
102,Enrichetta,switch,13-Jan-2017,2:35 AM,5:19 AM,Alvarado,4179,1750995,96
901,Dione,jcb,06-Jun-2017,11:54 PM,3:44 AM,Janman,901,8404775,98
1491,Avivah,maestro,29-Oct-2017,11:55 AM,12:28 PM,Geggie,1930,2170632,33
334,Ophelia,jcb,09-May-2017,1:18 AM,2:37 PM,Poile,1831,8556315,90
374,Gertruda,visa-electron,02-Jun-2017,3:39 AM,1:00 PM,Trusty,3263,9819264,43
204,Carine,jcb,20-May-2017,9:36 PM,10:16 AM,Barrott,4978,824144,17
1816,Lucie,jcb,21-Dec-2017,6:33 PM,5:35 PM,Taggart,3397,3227421,39
423,Maure,mastercard,21-Jan-2017,9:32 AM,4:40 PM,O'Quin,2756,1784241,53
359,Marline,jcb,17-Mar-2017,2:25 AM,12:45 PM,Worboys,3141,3151568,42
1362,Suzanne,mastercard,06-Nov-2017,6:34 AM,1:50 PM,Stiffkins,429,3377308,19
1835,Benni,jcb,21-Jul-2017,12:31 PM,12:36 PM,Cawsey,4224,9242974,12
1922,Tina,jcb,29-Jul-2017,4:19 PM,3:58 PM,Croxford,541,3444793,38
1525,Cristabel,maestro,23-Aug-2017,8:18 PM,9:24 PM,Ather,3376,2172306,94
862,Mil,switch,29-Sep-2017,9:47 PM,12:04 AM,Smidmore,1932,2524992,62
1392,Jaynell,diners-club-enroute,06-Jan-2017,11:45 PM,12:49 AM,MacAiline,1525,8052039,38
1497,Adorne,china-unionpay,11-Oct-2017,1:41 AM,6:16 AM,Lindhe,1798,7737376,75
331,Doralynne,visa-electron,05-Nov-2017,7:38 AM,6:54 PM,Ryott,1492,8906832,18
1286,Lacy,americanexpress,12-Jan-2017,8:00 PM,12:29 AM,Finnemore,3195,2836563,99
656,Norina,jcb,30-May-2017,6:14 AM,2:28 PM,Inglish,3214,7667508,77
687,Christalle,switch,28-Feb-2017,2:19 PM,11:28 PM,Mingame,2683,5602042,31
724,Pavla,jcb,21-Aug-2017,7:42 AM,5:27 AM,Fenkel,2261,7722389,12
278,Liz,jcb,22-Jan-2017,3:05 AM,2:04 AM,Brizell,1454,3148460,61
460,Renae,jcb,08-Mar-2017,4:45 PM,10:04 PM,Raithbie,1405,8650565,88
994,Cecil,americanexpress,06-Apr-2017,5:31 AM,6:28 AM,Skirling,4530,3733867,10
662,Klarrisa,jcb,22-Feb-2017,9:02 AM,1:33 PM,Housden,4877,7692227,48
806,Selie,diners-club-enroute,19-Jan-2017,12:34 PM,5:08 AM,De Maine,153,6442893,30
526,Marleen,bankcard,04-Feb-2017,6:01 PM,8:28 PM,Inder,4815,2429007,40
236,Lydia,jcb,21-Dec-2017,10:37 AM,1:03 PM,Sharrard,3105,5369089,22
307,Fifi,bankcard,25-Jan-2017,1:28 AM,10:28 AM,Aldhous,1323,9686206,51
206,Joane,bankcard,13-May-2017,8:27 AM,1:47 AM,Bedham,4129,1470175,29
523,Bertha,mastercard,13-Nov-2017,1:31 AM,8:40 AM,Labon,2913,566431,63
1802,Lexie,diners-club-enroute,17-Dec-2017,6:43 PM,6:05 AM,Slimmon,3756,3590654,33
1775,Lynsey,jcb,23-Nov-2017,8:29 PM,1:38 PM,Stivers,385,4987862,57
1578,Rebe,mastercard,29-Nov-2017,2:41 AM,6:10 AM,Whyffen,536,6264164,98
1673,Meredith,visa,06-May-2017,11:12 PM,10:36 PM,Petzold,4795,2361989,86
443,Emma,visa-electron,13-Jun-2017,11:20 PM,3:24 AM,Jebb,3744,7728054,57
1013,Neilla,switch,01-Mar-2017,7:39 PM,3:29 AM,Duddle,4914,3499863,92
1323,Bari,diners-club-us-ca,28-Nov-2017,9:08 PM,6:45 AM,Quilter,1893,711989,51
834,Tyne,diners-club-enroute,23-Dec-2017,5:28 AM,8:19 AM,Tant,2944,3017498,79
311,Lulu,jcb,08-Mar-2017,9:57 PM,7:55 PM,Demeza,4616,9319311,44
823,Carlynne,jcb,04-Jun-2017,5:56 AM,3:10 PM,Labin,1230,9383780,18
1293,Suzanne,jcb,31-Oct-2017,11:16 PM,8:45 AM,Ralphs,1115,314425,86
819,Ardella,visa-electron,14-Dec-2017,6:24 AM,2:38 AM,Da Costa,1451,8857160,84
212,Arlyn,jcb,14-Mar-2017,12:29 AM,7:47 PM,Stare,2594,9382134,27
621,Aurea,maestro,09-Nov-2017,5:36 PM,2:27 AM,Purver,3568,8214977,19
1718,Berta,jcb,22-Dec-2017,12:31 AM,9:50 PM,Quested,4904,2345902,86
998,Letta,jcb,05-Apr-2017,10:28 PM,12:37 PM,Lerer,3079,4703292,79
1794,Gwen,switch,30-Apr-2017,10:50 AM,1:45 AM,Durgan,3187,6087624,74
1675,Doroteya,americanexpress,29-Aug-2017,9:40 AM,7:54 PM,Strand,1034,9829072,36
227,Lu,jcb,14-Jul-2017,8:58 PM,2:32 PM,McCready,4707,8070792,97
1549,Dominica,jcb,03-Apr-2017,11:12 PM,5:46 AM,Walkden,3682,9380793,88
1338,Henrieta,bankcard,14-Sep-2017,7:32 PM,6:40 PM,Gilby,1807,818837,53
847,Fernanda,maestro,16-Mar-2017,1:55 PM,12:36 AM,Brunnen,3853,3505578,12
1551,Tobye,bankcard,12-Apr-2017,12:10 AM,9:49 PM,Aspital,1714,3933577,67
926,Jillana,jcb,01-Nov-2017,5:18 AM,8:04 PM,Vatini,4199,2410731,84
1936,Kiele,jcb,13-Feb-2017,1:57 AM,9:37 PM,Matisoff,2145,9773646,39
194,Janka,switch,27-Jan-2017,3:53 AM,12:36 AM,Medmore,4359,3815121,45
1912,Sonya,jcb,12-Mar-2017,5:00 AM,5:04 PM,Bratt,3800,292073,82
1994,Darcee,jcb,27-Feb-2017,1:55 AM,6:51 AM,Maundrell,3931,2412922,58
367,Mallorie,visa-electron,19-Mar-2017,6:24 AM,6:51 PM,Toderi,2474,4473866,93
1092,Agnola,americanexpress,28-Apr-2017,6:17 PM,12:37 PM,Sword,1505,3300554,93
1197,Vinnie,maestro,17-Nov-2017,2:48 AM,4:00 PM,Persence,4588,7941988,81
1975,Lexis,diners-club-carte-blanche,10-Jan-2017,10:34 AM,1:14 PM,Gisburne,2661,2683202,41
100,Cherry,maestro,06-Nov-2017,6:32 AM,7:41 AM,Whitty,2887,426298,11
349,Talia,jcb,21-Nov-2017,6:09 PM,8:03 PM,Yearnes,4651,8729129,99
120,Penny,bankcard,29-Jul-2017,11:52 AM,1:02 PM,Neal,3504,6973940,58
740,Shaun,china-unionpay,20-Feb-2017,8:41 PM,5:10 AM,Pilgrim,1305,1460964,58
1236,Ana,maestro,02-Aug-2017,3:00 AM,12:16 AM,Tomczak,3940,898611,18
738,Libby,switch,19-Nov-2017,7:22 AM,9:41 AM,Garrigan,4122,713256,20
1654,Rania,mastercard,20-Mar-2017,4:20 AM,9:18 AM,Gyorffy,4189,6316505,95
159,Missy,mastercard,31-Aug-2017,5:15 PM,1:56 AM,Turn,2354,5627759,84
1869,Agata,mastercard,01-Dec-2017,6:06 PM,4:19 AM,Yukhnini,3648,9963712,80
1167,Brinn,jcb,22-Jun-2017,7:57 PM,8:07 AM,Lusted,4388,8343771,20
1634,Bert,switch,15-Sep-2017,5:41 AM,5:22 AM,Wesley,3293,5526369,19
1517,Nariko,visa-electron,14-Dec-2017,8:27 PM,8:30 AM,Hingeley,1480,9209357,12
757,Leonie,jcb,17-Feb-2017,9:57 AM,7:28 PM,Crawforth,1918,6166068,56
1078,Siobhan,maestro,18-May-2017,7:47 PM,6:44 PM,Walkden,4107,665687,23
767,Lizette,jcb,02-Jul-2017,7:02 PM,3:03 PM,Fereday,2548,1947282,14
306,Florentia,diners-club-carte-blanche,01-Dec-2017,5:17 PM,11:35 AM,Bourtoumieux,4782,236364,58
353,Marlane,jcb,24-Jan-2017,4:48 AM,1:15 AM,Mouland,1182,1945100,54
925,Emma,switch,26-Apr-2017,12:49 PM,8:41 PM,Shovelin,3343,5005534,17
382,Jennine,maestro,03-Dec-2017,2:56 PM,4:16 AM,Prator,2808,1742259,62
1482,Zondra,jcb,05-Sep-2017,5:54 PM,4:48 PM,O'Connolly,574,3211006,48
1676,Demetra,switch,15-Mar-2017,11:20 PM,4:17 PM,O'Connel,3114,8789841,86
1703,Neely,jcb,28-Jul-2017,10:27 PM,6:07 AM,Chevis,4608,2836532,38
917,Gweneth,switch,21-Nov-2017,6:32 PM,4:37 PM,Lamblin,3700,7133063,25
1861,Maria,americanexpress,25-Sep-2017,5:18 PM,12:20 AM,Kinsley,4929,8215101,43
1058,Yoshiko,visa-electron,04-Jun-2017,1:18 PM,7:02 PM,Nequest,1855,2747881,80
998,Sal,china-unionpay,09-Feb-2017,3:57 AM,8:15 AM,De Bernardis,3038,6621762,100
416,Row,bankcard,27-Jul-2017,12:31 PM,9:50 PM,Hillhouse,2703,9967854,84
246,Jillayne,jcb,26-Nov-2017,8:27 AM,8:16 AM,Kapelhoff,4822,7535724,37
1874,Wrennie,jcb,28-Nov-2017,7:59 PM,8:58 AM,Caulliere,2950,8469462,55
1637,Sorcha,instapayment,17-Feb-2017,2:32 AM,1:46 AM,Prando,4999,6144639,46
1390,Anabal,jcb,09-Dec-2017,5:53 AM,12:59 PM,Pember,1418,598430,86
1152,Nessi,visa-electron,04-Dec-2017,12:53 AM,7:19 AM,Hopkins,555,4636479,23
1209,Kendra,jcb,04-Sep-2017,5:54 PM,3:38 AM,Moretto,540,398385,98
1721,Fay,visa-electron,25-Nov-2017,11:55 PM,4:49 PM,Rizzone,4837,7942526,78
335,Agace,jcb,16-Jan-2017,3:17 AM,11:21 PM,Kahane,2893,9520146,87
250,Leola,jcb,20-Nov-2017,2:09 AM,6:09 AM,Harriott,2844,5222421,60
427,Estele,diners-club-carte-blanche,03-Sep-2017,9:14 PM,6:26 PM,Ceschi,1146,1538611,48
1698,Mirelle,bankcard,07-Dec-2017,4:35 AM,4:52 PM,Lahy,2948,1190482,23
1864,Gleda,jcb,07-Sep-2017,9:09 PM,8:58 PM,Chotty,1606,9278308,70
1509,Lyssa,jcb,05-Jan-2018,7:43 PM,2:04 PM,Kerrane,2466,1114309,64
1371,Sonja,americanexpress,25-Feb-2017,2:04 AM,10:34 AM,Jollye,4245,5819225,87
813,Valerie,jcb,04-Aug-2017,3:48 PM,7:15 AM,Annandale,4308,6648211,16
1834,Ede,jcb,13-Aug-2017,5:14 PM,5:56 AM,de Amaya,1782,5595833,71
838,Uta,bankcard,18-Apr-2017,7:08 AM,7:23 AM,Rootham,4860,9091239,62
1577,Rahal,instapayment,14-Nov-2017,3:17 PM,8:08 AM,Karlolczak,4596,3540443,84
1095,Suki,jcb,20-Jul-2017,4:46 AM,12:50 PM,Danilevich,4719,5621875,87
1343,Colene,switch,31-Oct-2017,8:31 PM,12:28 AM,Tolemache,411,5119634,71
1264,Elizabeth,americanexpress,31-May-2017,4:40 AM,6:36 PM,Edeler,1469,795796,84
269,Babbette,jcb,04-Oct-2017,10:48 PM,1:07 PM,Leggatt,448,6664602,78
708,Caralie,jcb,04-Nov-2017,6:08 AM,2:19 PM,Ruprecht,2612,378005,34
1909,Dinah,jcb,14-Feb-2017,11:58 PM,11:37 AM,Titta,756,559159,96
663,Bessy,solo,19-Jun-2017,3:42 AM,1:54 PM,Charnick,4990,1851564,30
429,Aviva,maestro,10-Nov-2017,4:10 AM,11:19 AM,McCooke,4626,2278724,16
845,Zaneta,americanexpress,29-Jul-2017,4:57 AM,6:14 PM,Everitt,2338,879695,23
1397,Nomi,visa-electron,30-Dec-2017,11:17 AM,6:02 PM,Benka,1514,1726989,80
478,Karola,diners-club-enroute,08-Jul-2017,4:25 PM,6:58 PM,Biermatowicz,2258,3673822,23
1857,Valma,jcb,08-Oct-2017,8:52 PM,7:06 PM,Swayne,1436,4153529,25
878,Jo ann,diners-club-enroute,25-May-2017,9:25 AM,1:07 PM,Ealam,1177,2025625,31
1980,Cybil,diners-club-enroute,20-May-2017,11:54 PM,7:47 PM,Guerra,2124,271119,43
1805,Eleanore,diners-club-international,10-Apr-2017,2:56 PM,2:45 PM,MacNeillie,1255,3739432,69
174,Michel,visa-electron,13-Nov-2017,12:29 PM,3:40 PM,Rame,890,4470138,22
335,Neda,switch,27-Apr-2017,12:23 AM,7:48 PM,Longthorn,1472,4942137,42
279,Jyoti,diners-club-carte-blanche,29-Apr-2017,8:07 AM,8:11 PM,Duffy,3819,7002607,78
569,Corliss,maestro,03-Oct-2017,1:25 AM,8:49 PM,Beller,455,3774609,72
1606,Cyndi,jcb,06-Sep-2017,3:27 AM,2:44 AM,Gartan,4939,3753555,30
1187,Vinni,jcb,19-Oct-2017,12:17 AM,8:26 PM,Hallstone,2636,3080533,78
1179,Elsinore,jcb,16-Oct-2017,6:01 PM,7:13 AM,Aldcorn,3291,6804193,95
1138,Brande,mastercard,08-Aug-2017,5:41 PM,8:56 PM,Parriss,2760,1488007,58
242,Rodina,mastercard,19-Sep-2017,3:23 PM,11:41 AM,Parley,4277,5326346,13
194,Claudelle,americanexpress,25-Aug-2017,7:32 PM,11:23 AM,Trouel,1211,23682,58
621,Julina,diners-club-enroute,07-Nov-2017,8:59 AM,8:38 AM,Jarrold,2590,9415289,22
1006,Rickie,americanexpress,07-Jul-2017,10:45 AM,10:27 PM,Perell,3370,5679578,12
1179,Nancee,mastercard,05-Jan-2018,12:11 PM,4:35 AM,Legges,2072,3684147,89
1005,Gail,jcb,24-Oct-2017,10:33 PM,6:53 PM,Zanetello,784,8921503,43
459,Gussie,laser,28-Aug-2017,6:37 PM,4:22 AM,Shelley,3888,7033657,75
1777,Ann-marie,maestro,25-Apr-2017,2:31 PM,10:10 PM,Endean,139,3155170,40
1651,Myrtia,switch,19-Sep-2017,1:38 PM,1:14 PM,Zipsell,456,6073586,56
198,Minette,jcb,28-Apr-2017,9:52 PM,11:29 PM,Stave,4131,8164298,87
1522,Theadora,americanexpress,29-Jun-2017,12:57 PM,10:52 AM,Stitch,1486,4927273,42
1948,Audrey,jcb,19-Aug-2017,10:39 AM,11:47 PM,Amott,4228,9060924,29
1146,Zena,jcb,19-Mar-2017,2:07 PM,5:07 AM,Ribey,1764,4933231,82
928,Hermina,switch,12-Sep-2017,10:53 AM,6:09 PM,Churm,1191,6282280,59
647,Nissy,bankcard,16-Nov-2017,11:36 PM,11:32 AM,Crutchley,955,8822888,32
1055,Paola,jcb,16-Oct-2017,10:54 PM,7:02 AM,Zambonini,2437,8674598,13
1863,Valli,diners-club-enroute,15-Apr-2017,1:01 AM,10:07 PM,Sircomb,2096,6422335,49
1421,Reggi,mastercard,27-Apr-2017,11:47 AM,11:31 AM,Crannell,988,6735749,14
1570,Thomasina,americanexpress,01-Mar-2017,7:56 PM,1:28 AM,Mangham,2320,3092371,41
1984,Paule,jcb,11-Apr-2017,1:17 AM,4:46 PM,Oubridge,4764,9721072,16
1901,Ola,china-unionpay,14-Jul-2017,8:20 AM,8:24 AM,Goodings,2685,2513873,56
961,Nessy,jcb,21-Dec-2017,7:02 AM,11:36 PM,Lude,4967,386272,22
1517,Estelle,jcb,22-Jul-2017,9:31 AM,2:32 AM,Begg,1644,3606600,83
507,Dela,diners-club-carte-blanche,19-Jul-2017,11:34 PM,9:09 AM,Hussy,2908,9564898,54
1422,Ardith,jcb,12-May-2017,10:17 AM,8:24 PM,Vears,4816,1183525,77
238,Sapphire,americanexpress,14-Aug-2017,7:35 AM,9:23 PM,Mann,1226,1157302,56
1842,Zorina,jcb,06-Aug-2017,4:04 AM,10:09 AM,Gross,4240,1580666,51
1071,Dedie,maestro,22-May-2017,11:15 PM,12:31 PM,Gorke,1732,9522843,59
888,Faydra,visa-electron,21-Apr-2017,3:37 AM,12:44 AM,McGillacoell,4466,3297277,57
1922,Marianna,diners-club-enroute,20-Nov-2017,8:38 AM,3:30 PM,Gallafant,3754,9810525,57
1776,Malva,jcb,27-Jan-2017,2:53 AM,7:52 AM,Allred,609,8694102,33
1052,Rea,maestro,29-May-2017,10:51 PM,5:10 AM,Harmour,388,8433540,97
881,Pierrette,jcb,17-Nov-2017,10:47 AM,4:52 PM,Bes,4263,2963660,33
1762,Eleonore,mastercard,24-Mar-2017,1:45 AM,6:30 AM,Bridgeman,1531,5982511,51
1177,Elane,visa-electron,13-Feb-2017,10:34 AM,7:05 AM,Stubley,932,2390392,21
608,Stoddard,maestro,13-Apr-2017,12:13 PM,8:04 PM,O'Cassidy,2597,5852609,34
1581,Christian,jcb,23-Aug-2017,9:11 PM,10:31 PM,Culligan,2884,616866,85
1296,Rowe,visa-electron,27-Dec-2017,11:43 PM,5:01 AM,Richings,1390,5472820,16
751,Dione,jcb,24-Jul-2017,2:11 AM,2:01 PM,Carrier,1047,9177457,56
176,Junina,china-unionpay,27-Jul-2017,7:10 PM,12:55 AM,Friedank,4639,7219597,49
1978,Sofie,jcb,21-Jul-2017,2:53 AM,3:15 PM,Quemby,1755,1176084,42
1898,Eba,jcb,05-Sep-2017,11:04 AM,9:59 PM,Cardero,1337,3559009,13
474,Kendre,americanexpress,30-Sep-2017,6:36 AM,7:15 AM,Prose,1602,7677878,85
1774,Brittany,jcb,13-Apr-2017,8:18 AM,7:20 PM,Doggrell,3806,8414585,89
1738,Leoline,jcb,03-Aug-2017,11:43 PM,12:39 AM,Jelk,414,9434400,51
665,Lurette,mastercard,17-May-2017,8:31 AM,5:41 AM,Worswick,386,4066219,51
750,Molly,jcb,14-Jun-2017,6:34 AM,8:32 PM,Tansley,3319,3979154,69
1552,Lu,visa,21-Dec-2017,10:16 AM,1:04 AM,Buddle,4113,9176579,68
371,Kassia,jcb,09-Oct-2017,12:52 PM,6:21 PM,Burdoun,1399,805030,34
545,Mikaela,china-unionpay,07-Feb-2017,10:53 AM,10:07 AM,Studdal,3852,5541137,18
1729,Berenice,diners-club-enroute,12-Feb-2017,10:23 AM,8:07 AM,Bowditch,3168,4062548,78
1405,Andriette,bankcard,13-Feb-2017,5:31 PM,2:11 AM,Guite,4835,8084376,37
1715,Gillian,diners-club-international,23-Sep-2017,1:54 AM,2:17 AM,Joye,4738,6047383,37
765,Merrielle,jcb,13-Mar-2017,4:13 PM,7:41 AM,Powell,4586,1413499,21
376,Brietta,visa-electron,25-Sep-2017,5:10 AM,3:24 AM,Zanutti,4877,1067118,16
1149,Katheryn,instapayment,19-Mar-2017,3:56 AM,8:14 AM,Prout,3713,548703,97
403,Randene,jcb,07-Apr-2017,2:48 PM,2:00 AM,Klaffs,4973,3402116,51
495,Maude,jcb,26-Oct-2017,4:34 PM,5:34 AM,Pedwell,467,4491350,29
1288,Karel,maestro,03-Dec-2017,3:14 PM,11:44 AM,Galliver,2685,8639358,74
1912,Shelby,jcb,16-Jun-2017,9:06 AM,4:49 AM,Dunkerly,4915,8510647,41
