SHOW_ID,SHOW_NAME,SHOW_EPISODE,SHOW_TOPIC,SHOW_TYPE,DIRECTOR_ID,PRODUCER_ID,DURATION
805,Skippad,23,Liana O'Mullaney,O'Mullaney,536,637,77
764,Quinu,52,Nikolaus Kitcherside,Kitcherside,309,868,17
342,Zoonoodle,34,Gino Fernier,Fernier,783,355,35
923,Yakitri,16,Tadd Macer,Macer,673,912,93
721,Yacero,82,Vergil Stranahan,Stranahan,973,859,99
302,Zoomcast,17,Jacobo Newe,Newe,131,304,86
686,Dablist,78,Zonda Hicks,Hicks,591,317,35
224,Devify,5,Wang Licciardo,Licciardo,322,838,20
464,Yambee,32,Humbert Barks,Barks,483,252,41
715,Dabjam,19,Lib Lisciandro,Lisciandro,800,325,79
972,Jetpulse,35,Benoit Vose,Vose,737,576,91
656,Wordware,99,Buck Dunthorne,Dunthorne,224,395,55
828,Yodo,86,Eugene Beaven,Beaven,608,596,62
134,Oba,90,Hildy Chazerand,Chazerand,478,462,63
622,Voonyx,93,Carri Spadollini,Spadollini,998,859,88
302,Photospace,66,Eberto Dimbylow,Dimbylow,941,694,65
363,Tagtune,50,Ivor Ragsdall,Ragsdall,629,134,19
342,Yombu,29,Anton Orr,Orr,303,874,10
775,Gigashots,98,Kally Brindle,Brindle,181,777,92
665,Dynabox,94,Cirstoforo Tellesson,Tellesson,488,166,59
475,Centizu,67,Blanch Mattke,Mattke,184,870,83
166,Flashdog,95,Lavina Pendlebery,Pendlebery,605,721,16
117,Centizu,83,Melvyn Margetts,Margetts,606,315,40
796,Gabspot,75,Effie Pisculli,Pisculli,570,999,95
203,Tavu,73,Karyl Danniel,Danniel,249,318,47
489,Vipe,37,Cinda Slarke,Slarke,674,454,25
732,Skajo,20,Darcey Beesey,Beesey,239,295,60
839,Photobug,2,Rosy Christy,Christy,601,534,38
260,Browseblab,27,Peggi Kemell,Kemell,493,857,72
883,Dynabox,50,Gwyneth Farquharson,Farquharson,367,253,68
490,Kare,87,Shell Chadwell,Chadwell,400,833,24
996,Photobug,93,Jeno Blazej,Blazej,583,579,55
857,Flashset,3,Cathleen MacKey,MacKey,734,161,40
300,Livepath,48,Lukas Worlidge,Worlidge,517,874,85
992,Jaloo,81,Margareta Arrow,Arrow,264,543,11
317,Kwinu,64,Reggy Rawsthorne,Rawsthorne,418,773,47
843,Jayo,16,Tabatha Goulthorp,Goulthorp,838,209,23
272,Kare,11,Leah Ducrow,Ducrow,178,764,53
427,Rhycero,36,Talyah Oldcote,Oldcote,380,700,29
884,Gabspot,22,Lanna Allanby,Allanby,668,799,98
229,Bluezoom,75,Jobina Kenchington,Kenchington,984,868,64
458,Vinte,60,Hermina Elliott,Elliott,875,640,32
594,Buzzbean,10,Florie Bratten,Bratten,714,126,74
222,Quatz,94,Brian Granham,Granham,506,312,27
395,Flashset,78,Kore Beardall,Beardall,507,508,92
685,Zoomdog,97,Nicholas Bettleson,Bettleson,278,371,66
596,Aivee,79,Marilin Thornton-Dewhirst,Thornton-Dewhirst,275,185,30
979,Eabox,52,Reeva Norwood,Norwood,132,714,14
239,Rhynoodle,81,Killie Dumblton,Dumblton,139,612,45
652,Meeveo,10,Eilis Pershouse,Pershouse,823,854,17
254,Jetpulse,52,Josselyn Boullen,Boullen,681,163,63
980,Dynabox,9,Giorgia Petrecz,Petrecz,759,168,72
960,Rhynyx,23,Avis Karslake,Karslake,802,853,77
449,Browsedrive,13,Alberta Dilkes,Dilkes,921,126,93
970,Thoughtsphere,7,Hervey Matzkaitis,Matzkaitis,390,626,69
851,Quatz,32,Arleyne Kopman,Kopman,987,375,67
216,Dabvine,3,Courtnay Benbough,Benbough,402,351,16
294,Dynabox,63,Gerome Driver,Driver,440,751,98
890,Devify,14,Eran Bootes,Bootes,104,560,82
401,Kimia,33,Jordain Erridge,Erridge,374,650,80
371,Meezzy,75,Eward Willshee,Willshee,911,552,22
214,Twinder,85,Aksel Lemm,Lemm,994,804,27
361,Kwimbee,46,Flora Quilkin,Quilkin,777,596,37
807,Browsebug,63,Tyrus Le Fevre,Le Fevre,499,155,55
896,Blogpad,39,Kimberli Dallemore,Dallemore,404,877,56
127,Meetz,36,Galvan Sarsons,Sarsons,547,693,91
611,Feedbug,39,Felizio Nesey,Nesey,143,745,54
344,Gabcube,73,Joby Hannen,Hannen,396,871,87
510,Rhyloo,13,Corliss Syrett,Syrett,234,590,93
657,Edgetag,63,Lusa Kacheller,Kacheller,378,886,50
410,Demivee,55,Nellie Blinman,Blinman,122,657,81
188,Eayo,95,Jephthah Wozencraft,Wozencraft,895,666,36
395,Youopia,65,Munmro Moffet,Moffet,184,928,27
148,Jayo,76,Alecia Wones,Wones,979,227,98
304,Meevee,85,Merrili Caston,Caston,833,895,85
424,Kimia,44,Pauly Beament,Beament,840,453,14
758,Oyonder,9,Mickie Ragdale,Ragdale,356,750,57
634,Bluezoom,9,Arlene Golden of Ireland,Golden of Ireland,525,112,78
939,Skinte,9,Saree Setterington,Setterington,452,356,82
248,Geba,100,Benetta Groocock,Groocock,327,436,48
574,Kaymbo,24,Pierce Showering,Showering,815,308,42
288,Browsebug,15,Meade Silbert,Silbert,285,540,59
437,Rooxo,21,Emerson MacKey,MacKey,950,241,64
431,Babblestorm,3,Trudie MacGaughey,MacGaughey,931,142,39
891,Lazzy,68,Craig Winsiowiecki,Winsiowiecki,816,920,64
513,Riffwire,41,Cly Berriman,Berriman,574,586,72
215,Chatterbridge,66,Maryanna Mateus,Mateus,679,499,14
913,Linkbuzz,92,Analiese Wybrow,Wybrow,741,199,93
183,Meevee,80,Doretta Newitt,Newitt,151,999,87
903,Vimbo,61,Ronica Kyd,Kyd,290,100,87
467,Buzzster,63,Mirabel Ferns,Ferns,879,922,100
156,Tazz,96,Alina MacKnockiter,MacKnockiter,144,393,27
160,Aibox,20,Lyman Seeviour,Seeviour,992,880,39
475,Voomm,14,Genni Harron,Harron,304,685,31
884,Twitterbeat,76,Myrna Hentzeler,Hentzeler,611,211,67
237,Yakijo,65,Leicester Garz,Garz,885,444,41
246,Gabtype,69,Everett Foulgham,Foulgham,459,269,95
958,Zoombeat,85,Rutger Bazoge,Bazoge,513,166,10
839,Kazu,34,Alie Biswell,Biswell,228,765,12
128,Skalith,90,Blanca Farington,Farington,731,578,57
685,Browsebug,30,Kimble Feechum,Feechum,123,776,85
372,Twimbo,57,Carolyne Pressman,Pressman,666,186,49
308,Camido,17,Lock Lesslie,Lesslie,395,914,95
181,Vipe,42,Patrica Roughsedge,Roughsedge,563,965,45
385,Flipstorm,38,Raddy Hassekl,Hassekl,546,365,32
661,Riffwire,84,Gun Denniss,Denniss,206,592,66
598,Latz,3,Jeramey Scritch,Scritch,842,393,66
811,Digitube,74,Simone Gennings,Gennings,107,292,39
845,Linkbuzz,57,Keriann Losebie,Losebie,344,394,93
925,Innotype,29,Yul Gelardi,Gelardi,130,400,20
974,Wikido,73,Chevy Audas,Audas,335,762,49
706,Ozu,26,Kristi Blaxland,Blaxland,744,956,11
516,Quimm,83,Beryl Bentote,Bentote,985,219,93
919,Yotz,8,Rochester Wales,Wales,885,452,27
445,Ooba,20,Arty Blackah,Blackah,249,876,36
970,Minyx,48,Maximilianus Penvarne,Penvarne,660,285,39
953,Flashset,72,Harv Dablin,Dablin,448,624,64
318,Yadel,58,Davita Mulbry,Mulbry,765,781,31
410,Thoughtworks,14,Roosevelt Bushel,Bushel,171,495,13
677,Voonix,60,Shurlocke Hartmann,Hartmann,604,600,13
245,Flashpoint,31,Devora Osmant,Osmant,215,921,82
553,Fivebridge,55,Roderick Wildgoose,Wildgoose,296,356,95
885,Tagtune,65,Ardisj Janz,Janz,842,678,31
702,Devshare,82,Editha Learmouth,Learmouth,197,376,52
363,Mymm,13,Hubie Donn,Donn,902,852,66
655,Nlounge,76,Tiebout Spurret,Spurret,152,259,33
265,Oyoloo,57,Hale Hardiker,Hardiker,180,991,70
220,Twitterbeat,26,Datha Allington,Allington,526,993,12
142,Skiba,7,Pat Fishlee,Fishlee,284,743,53
282,Yoveo,56,Lindi Pierro,Pierro,280,848,39
929,Photofeed,3,Maryann Camelia,Camelia,713,990,88
347,Skyble,44,Marisa Fansy,Fansy,892,927,11
906,Ntag,84,Margi Bonett,Bonett,216,634,68
453,Fadeo,97,Dorie Laundon,Laundon,660,594,82
443,Zoomzone,46,Leif Ibeson,Ibeson,332,704,81
732,Kwimbee,44,Leonore Weinberg,Weinberg,912,389,13
485,Flashspan,21,Nettle Kisting,Kisting,595,306,61
273,Browsezoom,13,Alana Kelloch,Kelloch,713,449,85
630,Wikibox,20,Anet Emons,Emons,237,796,47
539,Meedoo,93,Jelene Fardoe,Fardoe,990,635,49
584,Snaptags,91,Joline Hayhow,Hayhow,371,169,60
151,Bubblebox,23,Dale Gribble,Gribble,185,987,26
488,Feedfish,57,Basil Hackforth,Hackforth,535,239,37
425,Roombo,34,Candida Pearton,Pearton,625,829,91
596,Eabox,3,Paulita Goss,Goss,781,362,29
545,Tagtune,46,Alma Hewes,Hewes,651,889,52
753,Linklinks,65,Christine Davall,Davall,771,429,29
249,Jaxnation,12,Sig Hardway,Hardway,785,483,99
813,Fiveclub,13,Elsworth McIlrath,McIlrath,418,830,37
966,Npath,86,Xymenes Caron,Caron,967,196,46
450,Demivee,37,Cherye Oolahan,Oolahan,436,894,36
145,Pixope,49,Krysta Boland,Boland,619,841,44
619,Quatz,74,Ara Hallas,Hallas,813,807,25
362,Edgeblab,55,Melanie Gunney,Gunney,637,829,32
283,Dynabox,45,Goldie Yakebovitch,Yakebovitch,492,466,98
198,Demimbu,43,Franklyn Kirlin,Kirlin,735,575,79
338,Voolia,44,Yasmeen Shackel,Shackel,881,551,94
193,Brainlounge,60,Brucie Dyett,Dyett,321,979,26
338,Topiclounge,65,Carlita Blakeman,Blakeman,686,157,100
261,Centizu,84,Regina Kiellor,Kiellor,359,750,98
894,Dazzlesphere,48,Zorina Milillo,Milillo,731,106,20
213,Dabtype,13,Mirabella Veryan,Veryan,158,956,14
823,Oyoyo,93,Emelina Umbert,Umbert,523,338,31
265,Youfeed,59,Natassia Syddon,Syddon,434,773,16
717,Topiclounge,28,Hugh Diglin,Diglin,938,897,31
207,Jabbersphere,93,Marni Cordobes,Cordobes,480,100,67
742,Eabox,79,Zebedee Dinse,Dinse,404,118,44
564,Brainlounge,43,Letitia Griston,Griston,482,814,34
476,Realblab,34,Cecilius Broadbury,Broadbury,122,174,60
247,Fanoodle,37,Delcina MacClenan,MacClenan,876,713,11
808,Rhycero,87,Ilka Mattersley,Mattersley,343,362,91
180,Meemm,5,Urbano Kellough,Kellough,686,227,30
982,Zazio,67,Perry Parkin,Parkin,151,302,66
330,Linkbuzz,80,Casar Abdy,Abdy,716,521,92
676,Thoughtblab,75,Danni Peotz,Peotz,958,149,27
654,Demimbu,26,Conrade Sutherel,Sutherel,466,347,54
119,Thoughtblab,95,Glenn Fearneley,Fearneley,721,391,66
995,Chatterpoint,17,Edgar Stolz,Stolz,932,580,69
680,Jatri,87,Peyter Andrieux,Andrieux,545,733,82
582,Thoughtworks,69,Melodee Benedite,Benedite,673,416,73
845,Jamia,84,Tam Chiles,Chiles,709,713,27
864,Fadeo,30,Richardo Casarili,Casarili,413,922,58
995,Thoughtworks,54,Binnie Aisman,Aisman,918,241,77
254,Browseblab,41,Lodovico Cicchetto,Cicchetto,540,381,64
183,Gigazoom,51,Der Bengough,Bengough,469,665,74
681,Realfire,9,Aurel Galiero,Galiero,169,900,91
342,Zoonder,73,Miof mela Redolfi,Redolfi,695,364,24
167,Omba,44,Adelheid Bendelow,Bendelow,772,494,69
475,Yoveo,90,Laurice Piatkowski,Piatkowski,420,494,76
308,Buzzster,81,Osmund Charlon,Charlon,308,450,48
451,Pixoboo,37,Gray Darwood,Darwood,618,183,49
336,Tavu,62,Daven Shapland,Shapland,591,349,79
390,Yodel,12,Elizabeth Persey,Persey,517,157,66
282,Ntags,12,Gladys Bidewel,Bidewel,145,506,99
690,Tagtune,20,Prinz Bahlmann,Bahlmann,583,657,93
311,Vidoo,69,Tamma Teggart,Teggart,245,559,99
337,Yotz,11,Alic Hourahan,Hourahan,113,843,45
367,Tazz,61,Reinwald Manifould,Manifould,524,864,70
689,Tagopia,29,Dietrich Isaacs,Isaacs,584,276,24
917,Yadel,95,Kellby Moth,Moth,362,381,70
211,Shufflester,55,Klemens Lorenz,Lorenz,888,586,44
768,Aibox,19,Robina Magner,Magner,303,413,91
278,Wikivu,72,Stinky Jacop,Jacop,955,156,90
876,Wikivu,98,Fin Gyenes,Gyenes,144,381,67
549,Brightdog,22,Averil Pumphreys,Pumphreys,120,493,10
817,Kaymbo,65,Minne Beardsley,Beardsley,709,608,18
619,Quire,49,Mireielle Kerkham,Kerkham,662,302,25
721,Flashpoint,49,Eberhard Wyllis,Wyllis,594,354,10
592,Zazio,72,Brande Chrispin,Chrispin,415,180,88
658,Fatz,84,Phyllida Jolly,Jolly,745,483,51
109,Feedspan,22,Benn Schurig,Schurig,518,118,58
758,Jaxnation,6,Kermit Skuce,Skuce,661,668,51
291,Mybuzz,56,King Silber,Silber,324,145,84
838,Oloo,50,Fernandina Hebbes,Hebbes,108,102,98
654,Ailane,45,Nickolaus Robez,Robez,454,443,43
234,Flipstorm,30,Sigismund Youtead,Youtead,514,768,30
735,Thoughtbeat,6,Pia Pooly,Pooly,897,253,23
304,Dynava,36,Rustie Bahl,Bahl,371,143,45
712,Vitz,56,Rossy Sagar,Sagar,632,226,77
850,Innojam,47,Rasia Rolfs,Rolfs,776,739,19
667,Janyx,53,Dorris Haydon,Haydon,860,145,51
284,Pixoboo,21,Klement Wildish,Wildish,334,951,72
607,Kayveo,58,Laurel Pope,Pope,688,326,63
284,Flashdog,15,Rawley Pail,Pail,220,236,66
133,Dynabox,16,Lavinie Lamburn,Lamburn,631,962,66
917,Devbug,89,Sutherlan Van Eeden,Van Eeden,725,224,22
539,Fiveclub,81,Thomasin Snape,Snape,527,184,77
700,Mydeo,67,Eleen Stainson,Stainson,809,290,26
951,Jabberstorm,60,Leland O' Kelleher,O' Kelleher,551,379,49
413,Livetube,8,Ardelis Fear,Fear,606,387,44
323,Fanoodle,27,Ursa Royan,Royan,798,332,60
170,Quatz,100,Henriette Wordley,Wordley,655,305,81
159,Edgeclub,55,Devi Saintsbury,Saintsbury,973,315,53
186,Avamba,89,Owen Tombs,Tombs,295,672,66
655,Tagtune,60,Auria Durbyn,Durbyn,508,917,68
356,Jabbersphere,100,Timothea Canadine,Canadine,354,757,98
693,Zoomlounge,28,Astrix Yusupov,Yusupov,207,238,65
889,Blogpad,44,Emalee Truss,Truss,119,935,71
794,Gigazoom,33,Lorilee Nugent,Nugent,371,505,18
368,BlogXS,41,Jessica Towhey,Towhey,748,222,45
302,Thoughtbridge,32,Kermit Davitt,Davitt,102,770,21
258,Blogpad,15,Dex Loveguard,Loveguard,617,968,70
358,Flashset,61,Sibelle Kershow,Kershow,618,427,59
143,Yakijo,71,Tatiana Pollack,Pollack,337,802,48
584,Quatz,25,Mella Vigrass,Vigrass,156,446,80
366,Twitterbridge,33,Charmion Oles,Oles,992,502,39
822,Agivu,42,Rona O'Nowlan,O'Nowlan,186,929,16
238,Kaymbo,82,Budd Hardin,Hardin,288,359,53
827,Jaloo,26,Gwenni Freak,Freak,472,841,46
610,Jabbercube,37,Nathan Warsop,Warsop,111,220,82
375,Oyonder,58,Gawain Wiltshier,Wiltshier,530,439,94
572,Chatterbridge,85,Frederigo Ubsdell,Ubsdell,226,931,80
860,Tambee,52,Bellina Watmough,Watmough,637,281,59
343,Quimm,32,Gray Castiello,Castiello,467,944,97
764,Linktype,79,Krystalle Padilla,Padilla,536,953,30
674,Wikizz,91,Hamil Maith,Maith,674,854,94
873,Vinder,89,Rayna Kightly,Kightly,861,327,100
511,Yacero,30,Sal Ivanshintsev,Ivanshintsev,388,548,68
794,Wikibox,73,Mendie Marushak,Marushak,262,915,52
394,Gevee,22,Filippa Rosgen,Rosgen,476,692,51
821,Kimia,85,Marielle Fahrenbach,Fahrenbach,663,789,77
524,Ailane,22,Martelle Brunetti,Brunetti,195,860,53
553,Demimbu,40,Aldin Pooley,Pooley,845,347,81
747,Brainverse,3,Huntlee Robertucci,Robertucci,130,478,44
405,Tambee,69,Demetrius Volkes,Volkes,572,653,26
417,Gevee,69,Hubert Demare,Demare,788,833,55
730,Babbleblab,12,Aguste Rosiello,Rosiello,354,472,30
520,Oloo,20,Dollie Seniour,Seniour,294,850,48
684,Aimbo,22,Nathan Camoletto,Camoletto,747,375,79
210,Divanoodle,73,Kit Wragge,Wragge,451,278,38
156,Rhynyx,80,Marlo Kerin,Kerin,969,327,57
533,Youfeed,57,Constantia Mucillo,Mucillo,189,680,10
680,Teklist,1,Cinderella Maccrie,Maccrie,457,357,36
709,Thoughtsphere,91,Jarred Saltwell,Saltwell,944,548,51
363,Dabvine,5,Ameline Kemshell,Kemshell,415,609,56
431,Kwilith,8,Hector Filby,Filby,403,220,68
673,Livefish,48,Nelli Wheal,Wheal,762,775,27
118,Tanoodle,26,Taryn Berntsson,Berntsson,239,733,83
427,Ozu,13,Alex Dikle,Dikle,834,877,31
168,Kaymbo,61,Meaghan Hardware,Hardware,331,309,74
904,Gabspot,15,Miguela McColgan,McColgan,169,622,32
527,Livetube,32,Margalit Busain,Busain,461,245,41
277,Quatz,95,Godfree Kenryd,Kenryd,479,753,57
984,Edgeblab,87,Claiborn Lillecrop,Lillecrop,872,799,52
852,Cogidoo,10,Woody FitzAlan,FitzAlan,829,858,22
506,Gabspot,68,Cherice Brimble,Brimble,846,549,36
376,Fiveclub,88,Kenyon Dunabie,Dunabie,744,417,89
728,Zazio,41,Katherina Ambrus,Ambrus,304,757,32
521,Dynava,39,Giacomo Clementet,Clementet,725,625,84
171,Yotz,51,Jordana Bicheno,Bicheno,126,182,91
929,Realbridge,62,Hill Ransbury,Ransbury,589,400,34
157,Divanoodle,20,Greta Gomby,Gomby,989,235,86
568,Voolia,95,Aarika Whiley,Whiley,743,251,10
441,Brightdog,69,Robby Ragborne,Ragborne,903,102,69
140,Yodoo,76,Elke Leynham,Leynham,121,648,58
102,Wikido,62,Natalee Pellington,Pellington,809,805,79
539,Demimbu,9,Callida Berrygun,Berrygun,368,335,46
456,Skipstorm,7,Marcello Elsdon,Elsdon,658,986,12
525,Trudeo,40,Joela Boylin,Boylin,467,345,13
664,Voolia,23,Sal Forton,Forton,645,877,66
311,Mycat,54,Ailsun Robbey,Robbey,185,504,99
676,Yodel,91,Arluene Brahan,Brahan,544,805,20
923,Zoomzone,42,Oates Habbema,Habbema,295,777,66
264,Trudeo,48,Starr Wetherby,Wetherby,299,232,11
572,Plambee,54,Edi Bilborough,Bilborough,305,661,22
310,Devshare,40,Shirlene Tixall,Tixall,361,870,72
825,Linklinks,80,Molly Daventry,Daventry,344,314,77
601,Linkbridge,87,Marjory Tieraney,Tieraney,103,939,71
318,Oyonder,77,Meredith Cheales,Cheales,268,349,10
290,Fanoodle,87,Sansone Mothersole,Mothersole,963,337,60
948,Kwilith,41,Berkeley Ibberson,Ibberson,153,175,76
939,Brightdog,80,Ina Bottell,Bottell,530,271,27
113,Voonyx,77,Robinia Leversuch,Leversuch,520,898,59
139,Flashset,96,Abdel Barford,Barford,837,260,59
272,Wordify,54,Minta Sherrard,Sherrard,927,522,62
651,Yombu,43,Huntington Scudder,Scudder,191,367,49
464,Blognation,14,Nonie Quarles,Quarles,981,480,87
737,Mymm,49,Krystal Feldmus,Feldmus,178,988,98
473,Yambee,39,Kelby Scrooby,Scrooby,521,581,65
116,Babblestorm,27,Brietta Birckmann,Birckmann,671,235,26
729,Kare,7,Pincas Goodale,Goodale,335,792,32
690,Skidoo,53,Shirlee Staig,Staig,522,640,65
460,Tazz,100,Kacey Hellmore,Hellmore,934,826,89
101,Bubbletube,60,Kain Hatfield,Hatfield,346,953,59
525,Talane,67,Ingemar Rennebach,Rennebach,602,625,43
295,Digitube,48,Bevon Aggott,Aggott,362,648,79
145,Eazzy,50,Halette Millhouse,Millhouse,818,727,15
355,Tambee,26,Roberta Glanville,Glanville,273,117,34
250,Trilith,50,Poppy Slader,Slader,748,968,51
252,Quimm,40,Delbert Elford,Elford,651,372,41
409,Meemm,19,Alard Zanre,Zanre,555,162,27
123,Janyx,84,Dorian Eberle,Eberle,470,918,19
882,Chatterpoint,11,Zola Hatcliffe,Hatcliffe,452,638,61
262,Skippad,63,Otto Oldknow,Oldknow,708,582,97
530,Brainbox,34,Dionysus Free,Free,383,758,19
192,Jaloo,84,Vidovic Kliemke,Kliemke,333,311,69
169,Rhyloo,2,Fredrika Baress,Baress,817,255,55
502,Jaxspan,82,Cointon MacCardle,MacCardle,702,468,35
570,Camido,65,Giuditta Vedikhov,Vedikhov,262,779,58
206,Aibox,63,Lezlie McKendo,McKendo,957,862,95
867,Lazz,86,Carlyn McCollum,McCollum,342,710,20
986,Centimia,44,Morris Mantha,Mantha,147,113,47
974,Ntag,86,Madelene Jobb,Jobb,746,996,18
901,Mybuzz,25,Niki Cicchillo,Cicchillo,221,817,81
604,Skippad,67,Christiana Lauthian,Lauthian,580,332,95
846,Zoovu,11,Kevin Champken,Champken,915,387,11
185,Fivebridge,54,Brittaney Onion,Onion,732,278,66
495,Yakijo,67,Kathlin Colledge,Colledge,970,828,53
593,Chatterbridge,39,Jillene Bruggen,Bruggen,693,761,27
274,Cogidoo,50,Ximenes Adrianello,Adrianello,826,758,20
803,Skinder,24,Malena McAllan,McAllan,888,423,97
483,Centidel,6,Florian Edards,Edards,771,175,21
410,Linklinks,11,Miof mela Gunther,Gunther,501,520,52
993,Jaloo,92,Tremaine Clendennen,Clendennen,234,570,33
267,Divape,53,Linda Castagnasso,Castagnasso,322,984,61
253,Bubblemix,27,Travis Lowell,Lowell,916,478,98
255,Kare,96,Sergent Merill,Merill,318,846,16
797,Quatz,29,Brittany Dickin,Dickin,418,222,24
589,Rhycero,85,Allie Mothersole,Mothersole,109,162,11
258,Thoughtstorm,69,Adelaide Satford,Satford,694,993,43
312,Photobean,23,Bryon Randle,Randle,313,378,74
949,Oyoba,63,Teodoor Frankton,Frankton,685,660,57
238,Skaboo,38,Anatol Jaskowicz,Jaskowicz,655,991,38
894,Browseblab,75,Karmen Fellows,Fellows,905,383,92
546,Oloo,31,Isiahi Camelin,Camelin,691,906,64
712,Rhynyx,90,Karyl Caney,Caney,385,375,83
847,Ozu,44,Rosalinda Boncore,Boncore,452,698,51
626,Bubblemix,91,Sherilyn Orta,Orta,215,364,52
512,Rooxo,48,Dorita Chetwin,Chetwin,259,442,81
610,Shuffledrive,61,Ricca Ferriere,Ferriere,183,933,10
534,Tekfly,24,Amble Tzuker,Tzuker,241,888,43
637,Twitternation,35,Julius Gullivent,Gullivent,717,221,12
504,Rhyloo,77,Theresina Exroll,Exroll,629,625,76
818,Gigaclub,50,Kenna Aspey,Aspey,380,911,56
341,Kamba,92,Gabrielle Gossington,Gossington,490,883,97
398,Midel,75,Niel Bodycote,Bodycote,272,985,98
632,Realcube,2,Cathee Jagger,Jagger,926,528,16
717,Pixope,96,Berthe Haggerston,Haggerston,430,519,42
860,Trudeo,61,Marcelline Lyngsted,Lyngsted,104,449,52
762,Buzzbean,74,Lurette Greneham,Greneham,121,1000,77
212,Digitube,71,Daphne Dennidge,Dennidge,465,690,68
392,Linktype,86,Revkah Swinfon,Swinfon,233,721,18
358,Fatz,26,Augusta Wardesworth,Wardesworth,673,845,12
377,Jabbertype,37,Mose Humphrey,Humphrey,662,103,34
794,InnoZ,68,Agnella Thackeray,Thackeray,432,426,93
289,Dynabox,18,Sileas Cristoforo,Cristoforo,863,368,10
703,Aivee,33,Vivi Gilyatt,Gilyatt,292,505,28
209,Wordify,3,Faye Gibbieson,Gibbieson,641,121,23
201,Gigabox,35,Karel Casiero,Casiero,370,190,72
528,Brainverse,49,Teodorico Muller,Muller,675,364,11
308,Meejo,36,Katey Curthoys,Curthoys,552,935,97
145,Pixoboo,55,Emmett Le Gallo,Le Gallo,435,247,67
1000,Riffpath,12,Joela Sollett,Sollett,852,897,51
791,Oyoloo,39,Goran Weinmann,Weinmann,672,952,74
824,Kwilith,69,Stavro Galland,Galland,223,497,44
740,Oodoo,45,Laraine Petlyura,Petlyura,222,562,78
454,Rhynyx,37,Bianka Whorton,Whorton,280,976,98
611,Plambee,60,Bartolomeo Sturt,Sturt,520,528,69
967,Gigashots,65,Zia Dingle,Dingle,972,615,63
131,Wordpedia,22,Madeleine Priddie,Priddie,146,596,29
182,Ntag,8,Ricardo Loweth,Loweth,232,357,65
776,Eayo,28,Kahaleel Jesper,Jesper,281,172,43
732,Twiyo,98,Genna Greasley,Greasley,449,800,48
937,Kazu,40,Brew Greet,Greet,384,179,80
133,Babbleopia,81,Norah Eble,Eble,774,244,25
717,Omba,15,Joletta Kynston,Kynston,738,195,89
676,Viva,96,Granny Hadfield,Hadfield,925,493,68
735,Jabberbean,90,Gino Tarrant,Tarrant,594,568,96
322,Topdrive,14,Marline Jordine,Jordine,494,596,16
479,Aivee,62,Phil Everix,Everix,579,224,33
875,Aibox,68,Free Blatherwick,Blatherwick,470,522,11
539,Wikivu,28,Brynne Haylock,Haylock,107,811,73
170,Jaxbean,97,Adolphe Kinsella,Kinsella,246,404,16
483,Flashdog,87,Lyndy Hatchell,Hatchell,640,702,91
153,Voonte,100,Emmet Tizard,Tizard,884,322,91
552,Zooveo,37,Marion Nield,Nield,780,732,83
950,Skinder,27,Janifer Lambotin,Lambotin,415,563,41
174,Buzzbean,80,Bogart Niess,Niess,748,575,49
674,Bluezoom,53,Karlan Stockin,Stockin,607,106,74
905,Abata,69,Hatti Caldaro,Caldaro,789,522,17
251,Quatz,78,Xavier Margarson,Margarson,950,315,85
209,Wikivu,31,Fayina Raggett,Raggett,167,888,40
792,Realcube,1,Joshuah Alpin,Alpin,454,393,100
508,Skiptube,59,Valma Albert,Albert,581,676,15
963,Chatterpoint,12,Farris Sly,Sly,858,892,16
292,Jayo,42,Evie Paylie,Paylie,704,328,22
504,Twitterbridge,76,Lin Simka,Simka,155,454,39
785,Roomm,57,Roderick Heinish,Heinish,220,247,45
800,Skidoo,23,Coriss Boss,Boss,190,640,58
316,Yakijo,65,Carmelina Hanssmann,Hanssmann,711,755,48
824,Dynava,40,Jasen Weagener,Weagener,714,841,88
976,Wordtune,65,Lesya Alejo,Alejo,166,694,24
106,Jayo,47,Melly Drinkwater,Drinkwater,257,193,47
164,Meejo,23,Freddy Rayson,Rayson,559,446,39
269,Rhynoodle,74,Archibald Scading,Scading,221,654,67
406,Oyonder,38,Sheba Wooderson,Wooderson,636,389,82
156,Voolia,13,Konstance Roubert,Roubert,204,248,82
351,Jabberbean,53,Rockey Fiddiman,Fiddiman,278,647,24
563,Bubblemix,58,Adena Jantel,Jantel,953,469,25
660,Eidel,88,Robbyn Manicom,Manicom,518,312,16
262,Mynte,63,Langsdon Saddington,Saddington,446,947,32
360,Devpulse,63,Sal Milesap,Milesap,766,160,70
655,Kwideo,72,Muhammad Fores,Fores,157,788,96
430,Jabberbean,22,Zarah Threlkeld,Threlkeld,640,648,65
551,Babbleset,53,Antonina Ferrige,Ferrige,125,116,28
561,Yombu,86,Brnaba Ungerer,Ungerer,183,753,92
931,Avamm,73,Alicea Vine,Vine,863,487,69
714,Photolist,15,Julienne Pettegre,Pettegre,545,299,85
398,Midel,16,Everett Halifax,Halifax,684,349,12
105,Tambee,42,Shayne Newbery,Newbery,712,967,11
275,Yakitri,48,Bronnie Mahody,Mahody,296,984,66
198,Skynoodle,75,Aldric Martinon,Martinon,574,981,56
946,Blogpad,6,Martica Yardley,Yardley,280,169,91
385,Realpoint,90,Drusie Smalles,Smalles,413,829,46
428,Topicstorm,81,Marylou O' Timony,O' Timony,357,258,28
145,Kwideo,22,Tiffany Wolfenden,Wolfenden,711,152,54
842,Photobug,4,Timmi Alpine,Alpine,352,967,79
529,Edgetag,40,Lissie Derby,Derby,727,327,31
492,Kwinu,5,Sherwynd Kienlein,Kienlein,597,794,65
897,Gabspot,95,Karina Keitch,Keitch,220,719,15
742,Wordify,5,Aloysius Romand,Romand,242,481,90
261,Reallinks,65,Jenica Death,Death,231,639,98
491,Oyoba,42,Nikos Rowan,Rowan,372,933,94
365,JumpXS,56,Gil Shelvey,Shelvey,523,566,60
257,Youbridge,21,Elli Reavey,Reavey,682,456,80
613,Oodoo,98,Ramona Sigars,Sigars,846,352,56
541,Shufflester,59,Louise Benkhe,Benkhe,886,372,23
418,Buzzbean,31,Clemence Tyne,Tyne,913,598,56
163,Skivee,64,Corny O'Cannan,O'Cannan,707,407,50
487,Trudeo,24,Hy Bemrose,Bemrose,827,269,99
560,Tavu,42,Randie Wooton,Wooton,960,720,45
665,Gigaclub,47,Leigh Croci,Croci,786,388,91
480,Devify,53,Reidar Connerly,Connerly,680,463,92
241,Tazz,29,Sheri Amiable,Amiable,999,775,65
153,Oodoo,33,Rourke Sweetsur,Sweetsur,855,799,90
410,Photobug,41,Jenine Bratch,Bratch,772,359,34
803,Pixope,15,Ameline Dawtre,Dawtre,563,838,15
712,Skibox,47,Base Bowne,Bowne,857,258,66
960,Skibox,25,Meyer Wagner,Wagner,363,412,95
342,Mynte,66,Merrielle Bragginton,Bragginton,986,756,99
337,Minyx,50,Nathan Garley,Garley,816,181,30
368,Twimm,86,Lorne Mumbray,Mumbray,431,420,98
687,Jabbersphere,79,Ellie Hurdwell,Hurdwell,741,899,26
723,Oyondu,44,Florian Hansie,Hansie,772,357,41
382,Riffpath,57,Jamal Hitzke,Hitzke,928,620,59
539,Agimba,37,Chere Skelbeck,Skelbeck,557,426,21
749,Buzzshare,89,Normie Lively,Lively,638,295,44
403,Dabjam,72,Sigfried Hauck,Hauck,695,216,21
786,Gabspot,29,Anne Abson,Abson,149,530,58
636,Zoomdog,82,Belita Wybrew,Wybrew,814,811,13
163,BlogXS,4,Gray Wotton,Wotton,677,268,88
531,Babbleopia,59,Lorenza Ewestace,Ewestace,929,595,72
781,Quimba,13,Suzann Kidde,Kidde,982,455,36
608,Agimba,27,Scott Roselli,Roselli,406,602,41
272,Bluejam,82,Rob Tunney,Tunney,847,583,10
235,Tagopia,32,Mendel Rymell,Rymell,372,502,68
274,Quatz,43,Allissa Pash,Pash,142,839,95
410,Kare,82,Elmira Beer,Beer,190,569,23
730,Voonder,53,Lesley Hudson,Hudson,867,348,89
720,Dazzlesphere,95,Aleksandr Calkin,Calkin,503,316,89
836,Edgewire,69,Shane Gheerhaert,Gheerhaert,964,368,55
982,Pixoboo,16,Kiley Dyerson,Dyerson,556,433,32
938,Dabfeed,91,Rasla Rugg,Rugg,140,572,63
427,Realbridge,35,Olympia Clutterbuck,Clutterbuck,437,801,92
768,Gigaclub,7,Denice Baldwin,Baldwin,896,604,44
676,Dynazzy,45,Dane Pammenter,Pammenter,915,781,92
405,Aibox,41,Afton Raistrick,Raistrick,762,670,92
151,Skipfire,49,Giacomo Yarker,Yarker,809,899,58
645,Zoozzy,57,Bernarr Luetchford,Luetchford,201,339,46
285,Twitterbeat,11,Dorisa Hrishanok,Hrishanok,663,745,10
955,Zava,65,Dedra Dyment,Dyment,721,386,40
353,Latz,10,Angie Garfoot,Garfoot,188,824,86
372,Livefish,55,Janna Rishworth,Rishworth,673,781,21
791,Skinix,63,Reid Kimmitt,Kimmitt,434,349,15
635,Innojam,64,Bord MacCrackan,MacCrackan,129,289,34
255,Edgetag,92,Hew Philpin,Philpin,868,912,40
591,Wikibox,82,Jacinthe Huws,Huws,594,903,58
169,Trunyx,98,Aeriel Pfiffer,Pfiffer,440,819,93
484,Yoveo,43,Moselle Stammer,Stammer,488,805,36
691,Trudeo,20,Martha Snewin,Snewin,972,945,16
531,Janyx,9,Antonius Wimpeney,Wimpeney,673,537,33
511,Twinder,17,Chaim Glyn,Glyn,351,845,95
942,Wikizz,54,Hettie Barreau,Barreau,863,551,91
434,Jabbercube,87,Corissa Raspison,Raspison,246,797,59
960,Jabberstorm,63,Phaedra Beceril,Beceril,818,955,59
230,Thoughtstorm,96,Benson Lilian,Lilian,562,821,99
856,Voonte,56,Averill Foran,Foran,959,912,57
708,Jaxbean,57,Jacqueline Bradmore,Bradmore,244,989,95
981,Meembee,43,Alphonso Doggart,Doggart,588,250,26
959,Ainyx,25,Belle Thorley,Thorley,354,795,60
808,Feedfire,26,Isa Dollen,Dollen,784,317,21
739,Buzzster,57,Vergil Gomby,Gomby,881,608,16
100,Cogidoo,38,Ashien Rein,Rein,753,479,55
248,Gabspot,94,Ingar Ilsley,Ilsley,367,250,27
273,Centizu,62,Eb Bedlington,Bedlington,203,869,31
611,Kamba,81,Adrienne Fellows,Fellows,568,473,39
669,Thoughtworks,27,Sibella Pearse,Pearse,325,512,72
940,Flipopia,24,Zeb Mathieson,Mathieson,832,980,10
754,Meemm,99,Harriot Twinborne,Twinborne,748,307,96
937,Dynava,16,Kaitlynn Grason,Grason,420,477,79
352,Trupe,61,Sherilyn Bitcheno,Bitcheno,971,789,52
246,Gabcube,22,Merl Illes,Illes,308,674,24
587,Voolia,61,Keenan Menpes,Menpes,887,691,91
567,Wikivu,84,Barclay Folomkin,Folomkin,345,912,73
824,Eire,96,Ingar Hamson,Hamson,492,925,65
249,Pixoboo,11,Marietta Lumly,Lumly,494,607,91
168,Dablist,49,Issie Reboul,Reboul,590,753,99
267,Zoonoodle,72,Jacinthe Soame,Soame,377,505,54
356,Zooxo,34,Essy Dammarell,Dammarell,212,506,64
148,Photobean,57,Ebeneser Siemens,Siemens,161,733,67
144,Mydo,50,Hill Thing,Thing,820,907,44
299,Centizu,20,Clementius Goodliffe,Goodliffe,190,947,29
931,Quimm,56,Quinton Paddemore,Paddemore,229,264,81
587,Photojam,21,Brietta Clarke,Clarke,706,534,84
537,Minyx,43,Greggory Inns,Inns,349,994,90
994,Layo,22,Sheilakathryn Coolson,Coolson,500,499,68
525,Skajo,31,Shannan Cominetti,Cominetti,948,426,26
408,Trunyx,78,Kimmy Hardware,Hardware,441,173,24
425,Wikibox,61,Wood Cage,Cage,455,518,46
211,Babbleblab,63,Darlleen Moynham,Moynham,126,807,56
272,Vipe,41,Cece Crosoer,Crosoer,512,341,86
814,Topicshots,74,Elmira Griffitts,Griffitts,984,576,92
889,Dazzlesphere,34,Sigismondo Mithon,Mithon,226,498,62
337,Myworks,30,Shawnee Doiley,Doiley,881,638,68
437,Wordpedia,5,Nicolle Bemlott,Bemlott,587,136,72
217,Leenti,90,Georgiana Huertas,Huertas,437,420,72
136,Oyoba,44,Biddy Dashwood,Dashwood,151,163,91
681,Browsecat,21,Donna Dunster,Dunster,631,645,27
358,Realmix,66,Robyn Traill,Traill,843,188,20
925,Yakijo,39,Reyna Giddy,Giddy,231,760,31
769,Ntags,91,Remington Giacovetti,Giacovetti,515,260,81
481,Jabberstorm,48,Krissie Hackforth,Hackforth,497,984,62
278,Skidoo,40,Alick Ullett,Ullett,306,718,64
267,Jaxworks,2,Sindee Sumbler,Sumbler,524,146,38
101,Voolith,44,Quill Thickens,Thickens,358,832,30
500,Feednation,39,Saudra Mateev,Mateev,405,952,55
356,Riffpedia,46,Paco Gregoletti,Gregoletti,985,514,73
334,Yotz,97,Valeria Whittleton,Whittleton,872,435,69
258,Trunyx,25,Alford Anetts,Anetts,258,436,21
246,InnoZ,27,Hadley Cabotto,Cabotto,523,631,34
392,Wikido,85,Stanislaus Ferreras,Ferreras,262,189,67
771,Wordpedia,16,Shaun Mendenhall,Mendenhall,853,571,45
510,Jetwire,94,Kiley Brook,Brook,195,836,61
930,Topiczoom,52,Svend Hurch,Hurch,616,345,20
222,Realcube,9,Kaylyn Bierton,Bierton,443,706,51
324,Riffpedia,13,Gert Iacoboni,Iacoboni,261,425,43
641,Mynte,42,Pepi Blizard,Blizard,225,871,93
280,Youfeed,11,Mill Farnorth,Farnorth,597,544,29
458,Feedspan,75,Beitris Birth,Birth,594,828,48
908,Demivee,32,Ruth Naden,Naden,199,578,28
895,Pixoboo,44,Miof mela Wreiford,Wreiford,886,131,26
236,Roomm,31,Carlie Mathiasen,Mathiasen,479,371,30
574,Jazzy,79,Corabelle Di Frisco,Di Frisco,944,585,17
371,Vitz,22,Wylie Hatfield,Hatfield,691,464,82
922,Ozu,24,Rosana Winston,Winston,977,116,87
522,Ntag,89,Rebekah Kohlerman,Kohlerman,776,314,82
346,Zoomlounge,38,Bjorn Tuftin,Tuftin,971,751,29
884,Rhycero,95,Georgeta Beresfore,Beresfore,793,113,12
109,Zoozzy,50,Janka Castleman,Castleman,631,648,13
862,Teklist,43,Killian Retallick,Retallick,719,360,10
598,Devcast,61,Tobey Pudner,Pudner,458,578,91
590,Demivee,64,Berne Hugonneau,Hugonneau,430,233,47
413,Brainverse,96,Welby Lanyon,Lanyon,363,495,11
292,Vipe,35,Shandie Insall,Insall,467,246,99
993,Dynava,23,Mata Spellessy,Spellessy,685,387,92
877,Wordpedia,39,Rorie Dolder,Dolder,869,474,43
856,Camido,54,Florian Dearl,Dearl,362,285,59
699,Bubblebox,10,Reeta Cockrell,Cockrell,893,569,37
830,Skiptube,74,Iorgo Moens,Moens,708,786,94
936,Tagtune,47,Willard Ferraresi,Ferraresi,179,489,87
491,Dabjam,68,Joly Hounihan,Hounihan,589,410,56
232,Agivu,48,Aili Yokelman,Yokelman,203,466,34
635,Dynabox,7,Willie Ebbotts,Ebbotts,714,139,84
751,Trilia,86,Inge McGauhy,McGauhy,753,797,11
365,Zooveo,43,Addie Cianelli,Cianelli,203,478,30
526,Gabtune,69,Sharron Letessier,Letessier,963,915,90
344,Rooxo,67,Goran Keuning,Keuning,610,254,70
565,Browseblab,50,Ezra Wilmore,Wilmore,348,825,32
729,InnoZ,71,Aurel Antonignetti,Antonignetti,859,873,76
718,Fliptune,70,Jo Doeg,Doeg,761,299,11
770,Shuffledrive,41,Annice Maulden,Maulden,762,128,55
196,Twitterbridge,74,Aurelie Dionsetto,Dionsetto,588,692,36
390,Jabbersphere,97,Paulie Boland,Boland,560,732,49
577,Thoughtmix,91,Fredi Scimone,Scimone,645,707,70
732,Brightbean,82,Fleur Twelvetrees,Twelvetrees,318,830,51
827,Zoovu,89,Vick Rosewarne,Rosewarne,530,679,67
919,Pixonyx,53,Torry Paddy,Paddy,184,347,44
913,Kimia,75,Parker Devey,Devey,979,599,24
445,Brainlounge,72,Christophe Maddaford,Maddaford,569,524,47
655,Tagopia,9,Donovan Garrard,Garrard,120,632,20
367,Vinder,4,Gael Allnatt,Allnatt,245,184,84
682,Midel,39,Renie Toby,Toby,243,132,28
925,Photobean,29,Stafani Trussler,Trussler,885,111,33
577,Babbleblab,15,Alys Moxsom,Moxsom,570,660,11
610,Devify,72,Ber Aberkirder,Aberkirder,305,627,90
331,Dynabox,29,Laughton Rounsefell,Rounsefell,429,426,50
667,Avavee,16,Chicky Amiss,Amiss,716,549,66
605,Vidoo,91,Mickie Dollman,Dollman,395,698,27
984,Trudoo,48,Jena Girodin,Girodin,111,162,74
322,Trilith,68,Decca Feasley,Feasley,629,800,56
954,Zoonder,95,Jonis Jaine,Jaine,435,285,73
367,Fivechat,65,Bevon Pagin,Pagin,130,980,32
282,Yakidoo,87,Douglas Kinson,Kinson,555,893,32
413,Photospace,87,Kiah Cowser,Cowser,915,929,51
635,Wikido,65,Melonie Yapp,Yapp,171,204,73
521,Skiptube,3,Cart Pagelsen,Pagelsen,402,376,14
632,Skippad,49,Raquel Creavin,Creavin,823,915,36
572,DabZ,19,Estelle Worrell,Worrell,838,858,86
423,Brainbox,20,Jaine Glass,Glass,196,431,21
237,Divavu,62,Murvyn McColgan,McColgan,722,578,71
415,Trudoo,90,Ranee Vance,Vance,635,772,44
726,Devpoint,2,Elnora Kollatsch,Kollatsch,911,680,71
481,Miboo,53,Angeli Waddilow,Waddilow,275,153,68
185,Kaymbo,59,Milton Newcomen,Newcomen,100,667,72
391,Yata,31,Kaitlin Dimitresco,Dimitresco,535,535,20
544,Yamia,17,Sonny Emmanuele,Emmanuele,619,450,31
710,Fatz,37,Babb Dymick,Dymick,465,298,47
374,Realcube,46,Jolie Bellwood,Bellwood,104,808,89
950,Realcube,97,Lynette Dreus,Dreus,596,775,11
990,Flashspan,99,Marcelline Diter,Diter,555,575,96
114,Meetz,19,Binny Clawson,Clawson,202,777,96
960,Wikibox,51,Aeriell Laetham,Laetham,913,297,27
550,Yadel,96,Bryanty Brothwell,Brothwell,742,372,67
733,Kwimbee,99,Jennica Fullbrook,Fullbrook,255,836,21
459,Eidel,41,Paulo Schleswig-Holstein,Schleswig-Holstein,603,915,32
637,Blogspan,65,Gery Ifill,Ifill,987,136,13
648,Topicstorm,24,Rafferty Vigus,Vigus,501,438,58
942,Cogibox,76,Scarface Tilburn,Tilburn,961,964,18
229,Youtags,24,Fleur Edgerley,Edgerley,338,800,76
381,Tagcat,15,Abba O'Cahsedy,O'Cahsedy,784,809,52
377,Ozu,12,Arlena Eddington,Eddington,533,734,91
946,Oyope,59,Wilona Speechley,Speechley,426,103,11
733,Gigashots,90,Tadeas Fenwick,Fenwick,693,443,84
529,Meeveo,86,Daryn Kennally,Kennally,970,340,68
981,Centidel,21,Betta Braunston,Braunston,338,574,74
250,Vipe,85,Shandra Summerlad,Summerlad,557,753,66
451,Cogibox,25,Gage Gally,Gally,209,693,70
126,Meemm,50,Zebedee Rizzelli,Rizzelli,546,669,18
933,Rhycero,21,Rodie Kirrage,Kirrage,152,206,22
575,Twitterbeat,15,Halie Millard,Millard,429,519,99
724,Tambee,66,Cristen Tudor,Tudor,448,861,75
391,Skyble,10,Weidar Tidbury,Tidbury,541,412,49
151,Babbleblab,63,Lamont Chazelle,Chazelle,864,917,87
963,Jazzy,89,Fawnia Gland,Gland,435,759,32
547,Oodoo,61,Mace Borham,Borham,663,926,40
616,Skyndu,27,Inigo Dmtrovic,Dmtrovic,122,339,35
651,Linkbridge,16,Pryce Wareing,Wareing,542,612,69
833,Blogspan,48,Mick Troyes,Troyes,217,393,84
724,Thoughtworks,39,Tansy Kitter,Kitter,450,359,30
392,Realbuzz,67,Meta Luebbert,Luebbert,451,286,42
382,Topiczoom,35,Teodora Edon,Edon,341,550,67
121,Fiveclub,39,Marcus Franklin,Franklin,207,133,23
948,Jetwire,77,Galven Cullimore,Cullimore,259,330,35
838,Photofeed,88,Tomaso Deville,Deville,207,237,41
574,Wikizz,19,Kippar Tulleth,Tulleth,893,198,46
513,Realfire,87,Orelle Roscher,Roscher,257,185,22
220,Voonyx,18,Gustav Wolver,Wolver,292,483,68
500,Rhybox,62,Isador Qusklay,Qusklay,355,221,27
760,Cogibox,80,Georgeta Dickson,Dickson,212,164,65
544,Tekfly,62,Karly Merck,Merck,831,860,55
495,Tekfly,34,Selle Rodwell,Rodwell,962,333,24
164,Voolia,51,Daisy Crabtree,Crabtree,274,826,86
850,Ailane,97,Berkley Witcherley,Witcherley,564,306,98
852,Zoombox,29,Windy McPhater,McPhater,784,794,65
274,Wordify,4,Whit Bloxsum,Bloxsum,501,132,78
408,Mycat,53,Emmye Fintoph,Fintoph,144,463,83
953,Ozu,43,Joceline Jedrzejczak,Jedrzejczak,338,591,33
610,Gabcube,23,Nickie Roddan,Roddan,452,201,74
974,Kazu,19,Bogey Isles,Isles,701,436,100
873,Eayo,64,Kerri Scad,Scad,741,673,18
234,Skalith,59,Allen Adnett,Adnett,173,364,55
578,Dynabox,11,Dene Bonnavant,Bonnavant,511,867,52
257,Linktype,78,Melesa Eefting,Eefting,663,282,96
144,Zoombox,18,Kristian Rosina,Rosina,637,104,45
173,Edgewire,35,Myrta Elrick,Elrick,258,193,44
857,Centizu,31,Cammi Laydon,Laydon,686,685,65
798,Photofeed,53,Wesley Callen,Callen,719,337,67
441,Skibox,30,Ichabod Marikhin,Marikhin,185,170,98
270,Realblab,23,Rosana Muglestone,Muglestone,554,856,28
751,Meemm,69,Nickey Anselm,Anselm,113,256,40
284,Kimia,83,Curry Forsdicke,Forsdicke,200,118,54
266,Blogspan,29,Sean Colvill,Colvill,278,568,89
764,Jayo,16,Baryram Henlon,Henlon,436,437,62
602,Youspan,25,Elberta Dalziel,Dalziel,521,785,24
141,Talane,92,Amalie Tidmarsh,Tidmarsh,962,629,66
349,Edgewire,56,Arvie Walczak,Walczak,179,330,49
990,Leexo,20,Rogers Ody,Ody,969,102,48
342,Youopia,20,Harald Staite,Staite,762,441,81
949,Oyoloo,58,Emmy Ives,Ives,881,380,59
220,Linkbuzz,76,Essy Goldstone,Goldstone,122,656,96
648,Divanoodle,56,Vittoria Bedinham,Bedinham,308,626,24
544,Ainyx,54,Mandy Vigurs,Vigurs,207,671,18
248,Meevee,1,Isabeau Duligall,Duligall,897,794,95
601,Miboo,19,Nico Peizer,Peizer,175,913,38
348,Pixonyx,51,Susanne O'Dunneen,O'Dunneen,543,306,45
800,Dabfeed,61,Genevieve Bassick,Bassick,244,415,75
927,Viva,72,Zebulen Fibbings,Fibbings,881,406,71
982,Chatterpoint,12,Evita Bannester,Bannester,368,602,36
868,Oyoba,14,Anallese Copozio,Copozio,151,473,52
902,Npath,28,Allard Stepney,Stepney,799,755,61
896,Gigazoom,79,Derron Hellin,Hellin,247,905,51
660,Flashdog,29,Celestyna Brach,Brach,517,321,40
954,Snaptags,70,Marcelia Ellph,Ellph,840,512,69
893,Lazzy,68,Rosaline Blanque,Blanque,751,308,59
723,Voonix,69,Eda Creeboe,Creeboe,544,957,66
181,Mycat,87,Ulrick Epdell,Epdell,921,173,62
587,Rhynyx,96,Lorene Marwick,Marwick,984,694,37
676,Voonyx,35,Gwen Thorwarth,Thorwarth,119,976,63
240,Gigaclub,8,Kissiah Eccleston,Eccleston,256,667,65
532,Divape,85,Lorri Nuton,Nuton,155,106,28
605,Twimbo,52,Ingunna Luc,Luc,661,700,96
370,Izio,87,Isobel Havile,Havile,392,184,76
524,Yata,81,Tabbi Riba,Riba,588,746,39
335,Flipbug,3,Olga Oxborrow,Oxborrow,564,792,19
303,Aibox,90,Audry Crannell,Crannell,790,353,62
410,Centimia,100,Irma Lambert-Ciorwyn,Lambert-Ciorwyn,975,126,73
339,Twimm,39,Norry Backshill,Backshill,965,657,39
666,Meeveo,20,Myron Northcote,Northcote,945,970,65
543,Browsezoom,36,Westbrooke Rosone,Rosone,266,826,44
948,Devbug,32,Dorice Tyrer,Tyrer,432,689,62
682,Wordify,61,Tommie Parlet,Parlet,951,674,20
256,Fanoodle,80,Horace Digle,Digle,636,654,94
301,Realpoint,95,Binny Orsi,Orsi,500,572,63
309,Tavu,36,Aubrey Lashmar,Lashmar,648,140,68
746,Jamia,54,Nissy Alcalde,Alcalde,872,585,75
976,Dazzlesphere,64,Karly Cubbino,Cubbino,948,915,79
816,Dabfeed,70,Fax McPeeters,McPeeters,801,437,21
129,Tagopia,16,Charmian Goulbourne,Goulbourne,176,400,23
317,Eire,80,Lester Spoors,Spoors,318,901,82
827,Quinu,22,Errol Jagielski,Jagielski,277,615,42
535,Eire,89,Leland O' Mullane,O' Mullane,672,144,23
839,Dynabox,8,Harley Lorey,Lorey,843,392,22
227,Jabberbean,59,Kirby Diggens,Diggens,521,181,78
853,Quinu,69,Tasha Parnham,Parnham,539,978,22
787,Edgepulse,36,Bernie Cordet,Cordet,991,784,67
106,Shuffledrive,78,Brandy Busse,Busse,691,888,71
258,Edgeclub,6,Alex McCrorie,McCrorie,801,477,55
312,Quimm,37,Silvio Tithecote,Tithecote,784,691,15
220,Buzzster,81,Gothart Catcheside,Catcheside,309,375,76
682,Voolia,1,Brandise Angood,Angood,358,466,96
117,Fivespan,69,Melvin Langdridge,Langdridge,898,774,77
514,Edgetag,77,Jard Skelton,Skelton,136,605,43
191,Shufflebeat,83,Pierce Durden,Durden,301,721,46
957,Abatz,63,Laurie Fabbro,Fabbro,853,317,47
437,Skinix,34,Cathyleen Millichip,Millichip,177,325,18
963,Riffpath,89,Juliane Schulz,Schulz,597,541,89
893,Avaveo,40,Leonid Ghirardi,Ghirardi,183,244,32
678,Trupe,62,Merrel Webbe,Webbe,355,841,82
502,Buzzshare,1,Hephzibah Margerison,Margerison,901,676,20
473,Bubblemix,79,Alicea Forward,Forward,599,163,69
587,Yombu,79,Krystal MacGillespie,MacGillespie,514,787,53
294,Zoovu,89,Wenona Skep,Skep,513,823,49
476,Skyndu,34,Darcie Crat,Crat,446,283,77
757,Mudo,28,Reuben Barwack,Barwack,235,737,30
864,Quire,70,Shoshanna Mantle,Mantle,927,131,17
358,Trilith,87,Kristin Geeson,Geeson,297,592,28
330,Reallinks,10,Vernen Labet,Labet,441,525,13
896,Podcat,50,Janela D'Angeli,D'Angeli,737,427,93
642,Twiyo,60,Gabbie Fenelow,Fenelow,763,735,68
126,Camido,24,Barbie Eagger,Eagger,610,785,26
346,Twimbo,71,Francyne Swatton,Swatton,144,890,90
833,Zoomlounge,90,Evyn Boundy,Boundy,244,256,77
549,Youfeed,12,Brinna Tacker,Tacker,372,642,61
455,Twitterwire,72,Maureene McKeating,McKeating,388,722,65
544,Yombu,74,Bronny Rubbert,Rubbert,435,541,73
383,Quinu,60,Munmro Stanlick,Stanlick,571,878,76
400,Meetz,62,Ilyssa Cellier,Cellier,393,210,11
590,Tekfly,100,Burton Tubble,Tubble,939,776,19
408,Innojam,74,Ludvig Sissland,Sissland,325,728,54
967,Oozz,85,Diarmid Bleackly,Bleackly,613,349,37
424,InnoZ,70,Sarge Cuchey,Cuchey,147,363,83
616,Voomm,67,Analise Evitts,Evitts,985,454,17
983,Abata,4,Wilone Tendahl,Tendahl,536,220,69
401,Twinte,41,Neddy Erskine,Erskine,323,980,20
152,Avavee,9,Karlyn Sirmond,Sirmond,130,915,38
742,Ailane,30,Sanford Hellis,Hellis,470,442,49
224,Tazzy,82,Hedwig Magnar,Magnar,765,266,28
439,Dabtype,40,Livvyy Carlozzi,Carlozzi,118,218,37
514,Babbleset,14,Nessie Taphouse,Taphouse,550,996,98
344,Dynabox,41,Buck MacGregor,MacGregor,733,124,19
749,Kwinu,83,Shane Matessian,Matessian,568,817,27
216,Skilith,71,Henka Buttwell,Buttwell,572,962,10
553,Talane,27,Tilly Bealing,Bealing,516,514,96
678,Midel,99,Robbi Pepis,Pepis,703,299,73
245,Eadel,37,Alisander Runnacles,Runnacles,808,372,32
706,Brainverse,7,Belita Maulin,Maulin,322,204,22
705,Kanoodle,82,Englebert Jeeks,Jeeks,205,800,60
267,Skipfire,32,Winn Waything,Waything,973,613,87
979,Jatri,24,Jeannine Burtenshaw,Burtenshaw,911,924,72
483,Rooxo,7,Giraud Whybrow,Whybrow,579,614,20
608,Realmix,47,Elie Brettor,Brettor,772,295,90
141,Twitternation,66,Jessika Hefferan,Hefferan,920,551,85
641,Tagfeed,63,Haydon Coldbathe,Coldbathe,537,745,56
870,Zoomzone,38,Loralie Massingberd,Massingberd,844,922,61
619,Jayo,21,Elonore De Ath,De Ath,706,281,25
352,Mudo,14,Alvera Owen,Owen,201,555,49
823,Topiczoom,94,Thibaud Dumsday,Dumsday,140,328,54
997,Shufflester,62,Jaimie Vasilevich,Vasilevich,607,781,30
388,Jabberbean,1,Mycah Huyton,Huyton,960,815,65
835,Rhynoodle,81,Cyrus Bodicum,Bodicum,247,338,46
642,Thoughtstorm,70,Orv Conner,Conner,554,267,36
559,Voonix,57,Darill Albin,Albin,129,125,78
895,Yakitri,81,Bendix Lorriman,Lorriman,673,515,86
482,Zoomzone,90,Lesly Gommes,Gommes,765,434,40
934,Innojam,89,Anestassia Woolager,Woolager,596,431,52
409,Twitterwire,6,Mohammed Nisard,Nisard,731,187,46
132,Skalith,11,Fleming Biddlecombe,Biddlecombe,959,738,88
281,Ainyx,70,Serge Henzer,Henzer,392,678,17
278,Meembee,29,Huberto Beavors,Beavors,197,564,19
905,Tagchat,36,Hilary Wileman,Wileman,949,161,20
210,Photofeed,47,Joli Antonetti,Antonetti,481,697,43
887,Photobug,50,Justus Eccleshall,Eccleshall,936,303,31
112,Zazio,97,Lazar Verring,Verring,322,570,31
822,Gabcube,51,Paule Kroon,Kroon,156,974,85
690,Zoomcast,4,Wylma Lennie,Lennie,452,761,76
249,Aimbu,89,Candra Bicknell,Bicknell,751,611,31
399,Thoughtbridge,12,Datha Skeleton,Skeleton,670,959,41
196,Demizz,19,Wilfred Wolvey,Wolvey,123,296,96
724,Zoonoodle,66,Torrey Grigoryov,Grigoryov,485,167,83
126,Babbleblab,12,Merrick Cathie,Cathie,716,868,82
404,Blogspan,41,Doreen Ellcome,Ellcome,671,799,31
889,Kayveo,49,Redd Lindell,Lindell,251,679,11
334,Mydo,89,Antoinette Gilchrist,Gilchrist,272,352,62
674,Lajo,22,Bliss Beswick,Beswick,691,957,80
415,Jabbercube,61,Lurlene Lakenden,Lakenden,132,128,50
824,Dabvine,89,Gonzales Redmire,Redmire,315,139,90
205,Skiba,55,Shannon MacLachlan,MacLachlan,662,654,78
926,Quatz,49,Ashbey Rolling,Rolling,233,306,67
136,Quimm,25,Haily Lammert,Lammert,509,449,96
147,Skyble,70,Bathsheba Ainley,Ainley,959,877,19
774,Oyoba,19,Gianina Windress,Windress,292,416,60
586,Rooxo,1,Mechelle McAllen,McAllen,865,979,99
842,Yakidoo,31,Gaylor Insull,Insull,756,497,38
389,Browsedrive,38,Nissy Harrild,Harrild,424,116,87
283,Zoonoodle,17,Stevie Jennison,Jennison,359,610,68
535,Thoughtmix,2,Whitney McLese,McLese,326,381,54
197,Zoomcast,6,Modesta Have,Have,103,857,61
574,Cogidoo,64,Lou Gilligan,Gilligan,130,876,31
398,Yacero,37,Stanislaw Duffy,Duffy,900,774,24
450,Demimbu,28,Terry Muck,Muck,695,291,30
907,InnoZ,3,Hynda Antuoni,Antuoni,816,540,99
565,Thoughtblab,80,Darin Scadden,Scadden,427,161,24
757,Youtags,73,Addi Trower,Trower,697,480,78
771,Jayo,99,Kristina Le Monnier,Le Monnier,138,231,82
861,Yacero,72,Cosette Fowley,Fowley,578,228,89
671,Skyba,13,Abdul Hast,Hast,729,781,46
437,Abata,45,Huberto Isaacson,Isaacson,608,739,10
759,Cogilith,17,Aggie Gammage,Gammage,226,236,54
300,Linklinks,36,Quintana Wyrall,Wyrall,966,176,11
404,Skaboo,15,Pia McDougle,McDougle,236,271,49
694,Divavu,27,Derick Noyce,Noyce,423,509,48
823,Demizz,8,Darby Morehall,Morehall,207,955,39
535,Myworks,86,Genovera Hort,Hort,268,963,32
815,Feednation,54,Robb Folan,Folan,746,789,58
261,Viva,39,Tabby Rampage,Rampage,696,539,25
431,Oodoo,45,Dall Peppard,Peppard,695,958,73
577,Thoughtsphere,31,Frans Stennett,Stennett,177,985,64
726,Livetube,83,Fern Galle,Galle,598,764,54
844,Skyvu,73,Gusella Boyack,Boyack,415,913,100
214,Thoughtblab,20,Inness Risen,Risen,324,971,96
144,Tanoodle,31,Jamison Herkess,Herkess,709,810,94
760,Zoozzy,96,Juan Cameron,Cameron,830,212,96
752,InnoZ,30,Pearline Gepheart,Gepheart,242,906,47
288,Zoozzy,58,Myrna Kofax,Kofax,817,867,41
982,Wikizz,36,Athena Portingale,Portingale,347,447,77
590,Yakitri,43,Audrey Nettles,Nettles,991,689,92
463,Jayo,32,Pammy Grassick,Grassick,122,394,10
421,Lazz,89,Billie De Metz,De Metz,729,494,21
939,Innotype,33,Chloette Paul,Paul,292,132,10
196,Mudo,76,Gerard Dockray,Dockray,705,757,41
883,Edgeify,71,Darbee Delgaty,Delgaty,537,864,65
253,Cogilith,75,Basil Yarnley,Yarnley,779,700,45
846,Eabox,33,Jermain McCabe,McCabe,954,311,28
457,Livefish,61,Frasquito Larmett,Larmett,383,941,58
256,Centimia,36,Zilvia Jeff,Jeff,521,793,20
722,Dynava,50,Fedora Ivashev,Ivashev,982,763,93
973,Jayo,39,Langston Oganesian,Oganesian,896,183,65
314,Quatz,90,Mercedes Leese,Leese,314,273,45
759,Meetz,71,Nicki McKeevers,McKeevers,688,779,52
440,Demivee,94,Hana McBrearty,McBrearty,513,679,82
443,Npath,5,Gae Burnapp,Burnapp,754,437,79
330,Jabberbean,55,Major Masurel,Masurel,828,419,75
588,Voolia,82,Wadsworth Cheak,Cheak,764,717,40
834,Quatz,64,Chalmers Luisetti,Luisetti,106,256,19
488,Eimbee,67,Wynn Curry,Curry,672,725,30
161,Zoomlounge,67,Thomasina L' Estrange,L' Estrange,239,101,45
800,Cogibox,35,Boycie Putnam,Putnam,780,155,96
690,BlogXS,9,Barnett MacDearmont,MacDearmont,805,877,33
143,Twitternation,16,Abbe Le feuvre,Le feuvre,307,474,35
769,Topiczoom,93,Mattie Greenroa,Greenroa,611,254,55
758,Abata,48,Dorella Sprague,Sprague,620,846,67
924,Skimia,29,Lucina Denizet,Denizet,159,189,88
443,Meetz,39,Timofei Summons,Summons,722,108,40
459,Yoveo,77,Rosana Dinesen,Dinesen,122,796,30
197,Eadel,55,Grenville Wiltshaw,Wiltshaw,633,159,46
388,Kayveo,37,Willabella Zammett,Zammett,314,288,62
572,BlogXS,31,Kerrin Tremmel,Tremmel,338,781,67
748,Quamba,55,Kayle Neil,Neil,753,575,78
690,Photolist,90,Burl Dellenbrok,Dellenbrok,681,929,98
815,Gigashots,77,Maurine Keuntje,Keuntje,486,719,77
778,Tagpad,19,Ranice Tranckle,Tranckle,911,969,35
950,Ozu,10,Bel Feaster,Feaster,129,450,53
901,Tagcat,33,Lazaro Battman,Battman,895,940,57
144,Jabberbean,59,Lonnie Charter,Charter,945,215,45
586,Livetube,16,Ingunna Labbez,Labbez,982,570,21
311,Yacero,2,Cyrillus Stanner,Stanner,152,686,41
555,Zoomcast,38,Maureene Gaunson,Gaunson,244,968,96
885,Zoonoodle,30,Sharleen Macieja,Macieja,546,874,63
744,Meedoo,67,Cheri Cowope,Cowope,596,772,12
786,Skinix,73,Christa Evins,Evins,868,248,100
793,Flashset,30,Bordy Krelle,Krelle,176,280,64
578,Voomm,98,Northrup Bemand,Bemand,663,674,43
241,Thoughtsphere,12,Katleen Borles,Borles,267,700,73
838,Yabox,30,Gustavo Dakin,Dakin,637,252,13
103,Meezzy,23,Dorris Torrent,Torrent,502,757,63
395,Gigabox,9,Pennie Teape,Teape,453,464,61
957,Zoonder,37,Vincenz Bouldstridge,Bouldstridge,700,208,59
108,Realmix,7,Kyla Kinman,Kinman,494,910,16
504,Fivechat,65,Ripley MacFadden,MacFadden,513,875,88
787,Blognation,21,Archie Camamile,Camamile,653,374,56
357,Einti,33,Faydra Pollicott,Pollicott,555,943,18
151,JumpXS,67,Jarrid Perl,Perl,685,921,88
146,Kanoodle,53,Maurise Orpwood,Orpwood,533,639,47
176,Skinte,2,Colas Ianetti,Ianetti,251,845,58
363,Quatz,40,Luciano Klimke,Klimke,388,109,69
226,Skimia,64,Odille Bradnam,Bradnam,208,788,34
244,Quamba,88,Rudyard De'Vere - Hunt,De'Vere - Hunt,958,709,43
748,Yamia,15,Bogey Tourry,Tourry,411,627,21
608,Photofeed,96,Boniface Causon,Causon,855,908,41
806,Brainbox,76,Eloise Bayly,Bayly,701,891,46
496,Leenti,59,Faustine Ludovico,Ludovico,850,412,71
371,Vitz,27,Kilian Bassindale,Bassindale,571,664,73
312,Buzzbean,65,Ram Tesche,Tesche,935,152,54
174,Shuffledrive,14,Renaud Lockey,Lockey,958,214,24
541,Twimm,1,Asher Mosdall,Mosdall,532,935,33
854,Geba,12,Almeta Adamini,Adamini,427,165,80
648,Livetube,87,Kissiah Helstrip,Helstrip,556,780,18
948,Buzzdog,98,Jerri Guilford,Guilford,741,733,100
597,Kimia,91,Hobart Cassimer,Cassimer,131,883,20
735,Eare,98,Sashenka Dudderidge,Dudderidge,716,518,67
416,Blogtag,81,Eve Mercer,Mercer,284,522,13
762,Avamm,66,Marve Corten,Corten,560,919,17
424,Centimia,41,Nonah Quinell,Quinell,224,520,76
309,Centidel,78,Rolland Drust,Drust,865,762,43
722,Realcube,63,Gwenneth Inglis,Inglis,538,745,75
865,Voonder,22,Fransisco Albrecht,Albrecht,879,687,21
239,Realbuzz,33,Lonnard Stather,Stather,837,902,44
676,Yoveo,32,Morrie Durham,Durham,553,613,65
949,Centizu,46,Aviva Inskipp,Inskipp,266,859,72
734,Livetube,50,Goldie Laux,Laux,817,694,54
670,Quatz,55,Olvan Tween,Tween,985,940,84
372,Topicstorm,100,Ethelin Calliss,Calliss,390,176,66
763,Plajo,8,Laraine Angrock,Angrock,325,745,70
689,Edgeblab,2,Merrie Bartczak,Bartczak,682,238,68
461,Fanoodle,59,Jerald Wards,Wards,617,689,84
550,Skyba,65,Elke Arghent,Arghent,465,106,38
697,Eimbee,75,Egan Sandercock,Sandercock,349,117,15
480,Brainverse,6,Broderic Senyard,Senyard,975,356,39
647,Muxo,2,Lem Duce,Duce,929,983,65
162,Realbuzz,20,Francois Bonny,Bonny,964,111,21
